customer_id,tenure_months,monthly_charges,total_charges,contract_type,tech_support,online_security,paperless_billing,churn
CUST-10000,11,78.03,879.07,Month-to-Month,No,Yes,Yes,0
CUST-10001,72,81.13,5943.72,Two-Year,No,Yes,Yes,0
CUST-10002,31,78.89,2373.66,Month-to-Month,No,Yes,No,0
CUST-10003,21,67.24,1391.21,Two-Year,No,Yes,Yes,0
CUST-10004,4,60.07,231.3,One-Year,Yes,Yes,No,0
CUST-10005,4,61.22,235.82,Month-to-Month,No,Yes,Yes,1
CUST-10006,1,60.13,61.19,One-Year,No,Yes,Yes,0
CUST-10007,48,93.34,4640.98,Month-to-Month,No,Yes,No,1
CUST-10008,22,79.84,1837.76,Month-to-Month,No,No,Yes,1
CUST-10009,29,18.0,528.7,One-Year,No,Yes,Yes,0
CUST-10010,1,81.4,78.83,Two-Year,No,No,Yes,0
CUST-10011,72,69.87,4832.26,Month-to-Month,Yes,No,Yes,0
CUST-10012,42,64.53,2795.05,Month-to-Month,No,No,Yes,0
CUST-10013,5,55.29,278.63,Month-to-Month,No,Yes,Yes,0
CUST-10014,4,93.1,376.8,Month-to-Month,No,Yes,No,1
CUST-10015,4,88.69,364.75,Month-to-Month,Yes,Yes,No,1
CUST-10016,8,45.68,372.87,Month-to-Month,Yes,Yes,Yes,0
CUST-10017,17,75.18,1320.81,One-Year,Yes,Yes,Yes,0
CUST-10018,13,40.71,505.74,Month-to-Month,No,No,No,1
CUST-10019,8,30.51,250.12,Month-to-Month,Yes,No,Yes,1
CUST-10020,22,49.33,1123.34,Two-Year,No,No,No,0
CUST-10021,3,86.56,254.13,Two-Year,Yes,Yes,No,0
CUST-10022,8,88.83,720.62,Month-to-Month,Yes,Yes,Yes,1
CUST-10023,10,77.83,763.84,Month-to-Month,Yes,No,No,1
CUST-10024,14,83.13,1217.12,One-Year,Yes,Yes,No,0
CUST-10025,36,77.9,2673.55,Month-to-Month,No,No,No,0
CUST-10026,5,48.96,246.75,Month-to-Month,No,No,Yes,1
CUST-10027,17,75.8,1245.63,One-Year,No,Yes,Yes,0
CUST-10028,21,85.01,1823.1,Month-to-Month,Yes,Yes,No,0
CUST-10029,1,83.86,81.14,Month-to-Month,Yes,No,Yes,1
CUST-10030,22,94.72,2028.7,Month-to-Month,No,Yes,No,0
CUST-10031,4,82.71,330.65,Month-to-Month,No,Yes,Yes,1
CUST-10032,1,73.79,76.85,Month-to-Month,Yes,Yes,Yes,1
CUST-10033,71,91.75,6326.45,Two-Year,No,Yes,No,0
CUST-10034,72,64.34,4467.67,Month-to-Month,No,No,No,0
CUST-10035,39,42.95,1718.43,Month-to-Month,Yes,No,No,0
CUST-10036,8,60.92,487.39,Month-to-Month,No,Yes,No,1
CUST-10037,2,46.38,96.58,Two-Year,Yes,No,Yes,0
CUST-10038,27,48.12,1253.33,Month-to-Month,No,No,Yes,1
CUST-10039,13,61.39,809.72,Month-to-Month,Yes,No,No,0
CUST-10040,3,45.19,131.95,Two-Year,No,No,Yes,0
CUST-10041,16,57.3,885.33,Month-to-Month,Yes,Yes,No,0
CUST-10042,1,18.0,18.33,Month-to-Month,No,Yes,Yes,1
CUST-10043,57,70.33,4046.37,Month-to-Month,Yes,No,Yes,0
CUST-10044,7,65.03,466.81,Month-to-Month,No,No,Yes,1
CUST-10045,26,44.57,1136.74,Month-to-Month,No,No,Yes,0
CUST-10046,8,81.48,648.45,One-Year,No,No,No,0
CUST-10047,17,88.44,1489.27,Month-to-Month,No,No,No,0
CUST-10048,18,24.81,468.2,One-Year,No,Yes,No,0
CUST-10049,4,45.93,179.9,Month-to-Month,Yes,Yes,Yes,0
CUST-10050,72,45.77,3227.82,Month-to-Month,Yes,Yes,Yes,0
CUST-10051,35,41.5,1431.37,Month-to-Month,No,No,Yes,0
CUST-10052,67,85.74,5781.69,Two-Year,Yes,No,Yes,0
CUST-10053,54,60.15,3167.65,Month-to-Month,No,No,Yes,0
CUST-10054,21,58.39,1277.11,One-Year,Yes,No,Yes,1
CUST-10055,61,18.0,1072.27,Month-to-Month,No,No,Yes,0
CUST-10056,2,80.89,168.18,Month-to-Month,No,No,Yes,1
CUST-10057,5,34.02,163.36,Month-to-Month,No,No,Yes,0
CUST-10058,1,66.5,67.54,Month-to-Month,No,Yes,Yes,1
CUST-10059,9,71.93,673.72,Month-to-Month,Yes,No,Yes,0
CUST-10060,11,99.02,1053.14,Month-to-Month,No,No,Yes,1
CUST-10061,7,32.28,236.54,One-Year,Yes,Yes,No,0
CUST-10062,42,18.0,752.44,Month-to-Month,No,Yes,Yes,1
CUST-10063,10,69.6,727.02,One-Year,No,No,No,0
CUST-10064,7,110.01,783.69,Month-to-Month,No,Yes,Yes,1
CUST-10065,18,95.97,1693.18,Month-to-Month,Yes,No,No,1
CUST-10066,3,70.24,204.15,One-Year,Yes,Yes,Yes,0
CUST-10067,38,52.71,1963.67,Month-to-Month,Yes,No,No,1
CUST-10068,1,85.18,81.71,Month-to-Month,Yes,No,Yes,1
CUST-10069,72,40.66,2823.26,One-Year,Yes,Yes,No,0
CUST-10070,35,76.91,2585.43,Two-Year,No,Yes,Yes,0
CUST-10071,5,77.64,385.21,Month-to-Month,Yes,No,Yes,0
CUST-10072,1,91.51,94.21,Month-to-Month,No,No,No,0
CUST-10073,40,120.0,4627.86,Two-Year,No,No,Yes,0
CUST-10074,29,74.81,2089.29,Month-to-Month,No,Yes,No,1
CUST-10075,31,52.28,1643.93,One-Year,Yes,Yes,Yes,0
CUST-10076,35,64.36,2184.39,Month-to-Month,Yes,Yes,Yes,0
CUST-10077,1,20.77,19.93,Month-to-Month,No,No,No,0
CUST-10078,10,47.63,460.43,One-Year,Yes,Yes,Yes,0
CUST-10079,2,54.77,114.18,Month-to-Month,No,Yes,Yes,1
CUST-10080,47,51.9,2517.72,Month-to-Month,Yes,Yes,No,0
CUST-10081,23,68.81,1559.53,Month-to-Month,No,Yes,No,0
CUST-10082,9,44.44,406.19,One-Year,No,No,No,0
CUST-10083,1,93.03,93.38,One-Year,No,Yes,Yes,1
CUST-10084,8,65.01,529.29,Month-to-Month,Yes,No,Yes,1
CUST-10085,9,64.77,593.58,Month-to-Month,Yes,No,Yes,0
CUST-10086,31,56.8,1783.47,One-Year,No,Yes,Yes,0
CUST-10087,24,68.88,1614.45,One-Year,No,No,No,1
CUST-10088,52,85.63,4247.49,One-Year,Yes,No,Yes,0
CUST-10089,15,43.32,646.91,Month-to-Month,Yes,No,Yes,0
CUST-10090,3,48.55,151.34,One-Year,Yes,Yes,Yes,0
CUST-10091,29,57.41,1676.46,One-Year,No,Yes,No,0
CUST-10092,34,31.35,1101.33,Month-to-Month,Yes,Yes,No,1
CUST-10093,19,44.52,887.47,Month-to-Month,No,No,No,1
CUST-10094,35,53.09,1795.64,Month-to-Month,No,No,Yes,0
CUST-10095,16,86.86,1416.41,One-Year,No,No,No,0
CUST-10096,17,71.56,1237.72,Month-to-Month,No,Yes,No,1
CUST-10097,13,69.84,951.5,One-Year,No,Yes,Yes,0
CUST-10098,1,86.27,90.46,Two-Year,No,No,Yes,1
CUST-10099,2,61.57,125.44,One-Year,Yes,No,Yes,1
CUST-10100,1,74.76,72.84,Two-Year,No,No,Yes,1
CUST-10101,24,62.42,1542.81,Two-Year,No,Yes,No,0
CUST-10102,9,71.63,619.34,Month-to-Month,No,Yes,Yes,0
CUST-10103,17,50.43,881.37,One-Year,No,Yes,Yes,0
CUST-10104,57,18.0,1068.09,Month-to-Month,Yes,Yes,No,0
CUST-10105,6,61.64,365.51,Two-Year,No,Yes,No,1
CUST-10106,12,100.57,1222.61,Month-to-Month,Yes,Yes,No,1
CUST-10107,33,88.16,2888.96,Two-Year,No,Yes,Yes,0
CUST-10108,6,89.13,531.45,One-Year,Yes,Yes,Yes,0
CUST-10109,1,95.9,94.08,One-Year,No,Yes,Yes,1
CUST-10110,8,67.22,551.86,Month-to-Month,Yes,No,Yes,1
CUST-10111,4,69.93,291.92,Month-to-Month,No,Yes,Yes,1
CUST-10112,63,49.56,3259.89,One-Year,No,No,Yes,0
CUST-10113,39,57.1,2154.48,Month-to-Month,Yes,No,Yes,0
CUST-10114,24,80.39,2001.66,Two-Year,No,No,Yes,0
CUST-10115,49,95.1,4770.54,Month-to-Month,No,No,Yes,0
CUST-10116,39,61.51,2339.6,One-Year,No,Yes,No,0
CUST-10117,4,53.75,205.7,Month-to-Month,Yes,No,No,0
CUST-10118,53,65.01,3365.59,One-Year,No,No,Yes,0
CUST-10119,18,80.03,1499.92,One-Year,No,No,Yes,0
CUST-10120,39,28.9,1142.11,Month-to-Month,No,Yes,Yes,0
CUST-10121,54,18.0,993.49,Month-to-Month,No,Yes,Yes,0
CUST-10122,9,51.24,449.96,Month-to-Month,No,Yes,Yes,0
CUST-10123,2,34.48,70.47,One-Year,Yes,No,No,0
CUST-10124,6,52.3,298.99,Month-to-Month,Yes,No,No,0
CUST-10125,13,61.31,787.09,One-Year,Yes,Yes,No,0
CUST-10126,40,53.67,2174.01,Month-to-Month,Yes,No,No,0
CUST-10127,47,101.31,4593.06,Month-to-Month,No,No,No,1
CUST-10128,1,73.17,75.53,Month-to-Month,No,Yes,Yes,1
CUST-10129,17,72.51,1200.01,Month-to-Month,Yes,No,No,0
CUST-10130,12,80.56,981.44,Month-to-Month,No,No,Yes,0
CUST-10131,6,36.53,217.1,Two-Year,No,Yes,No,0
CUST-10132,3,90.98,275.56,Two-Year,No,No,Yes,1
CUST-10133,9,63.11,545.69,Month-to-Month,No,Yes,Yes,1
CUST-10134,68,81.76,5291.1,One-Year,No,No,No,0
CUST-10135,9,38.2,357.88,Two-Year,Yes,No,Yes,0
CUST-10136,17,26.16,434.47,Month-to-Month,Yes,No,Yes,1
CUST-10137,29,85.45,2557.27,Month-to-Month,Yes,Yes,Yes,0
CUST-10138,10,74.41,781.26,Month-to-Month,No,Yes,Yes,0
CUST-10139,72,42.45,2968.2,Month-to-Month,Yes,Yes,No,0
CUST-10140,72,43.26,3041.58,Two-Year,No,No,No,0
CUST-10141,6,93.14,567.94,One-Year,Yes,Yes,Yes,0
CUST-10142,16,35.26,590.42,Month-to-Month,No,No,Yes,1
CUST-10143,8,106.07,883.84,Month-to-Month,Yes,Yes,No,1
CUST-10144,8,42.48,339.94,One-Year,Yes,Yes,Yes,0
CUST-10145,1,80.96,83.35,Two-Year,Yes,Yes,Yes,0
CUST-10146,22,56.78,1203.66,One-Year,No,No,Yes,1
CUST-10147,16,80.08,1342.45,One-Year,Yes,No,No,0
CUST-10148,1,51.4,53.79,Month-to-Month,No,Yes,Yes,1
CUST-10149,7,60.93,412.17,Two-Year,Yes,Yes,Yes,0
CUST-10150,57,66.02,3687.66,One-Year,Yes,No,Yes,0
CUST-10151,6,39.95,230.12,Month-to-Month,No,Yes,Yes,1
CUST-10152,3,83.52,244.84,One-Year,Yes,No,Yes,1
CUST-10153,16,52.17,861.09,Month-to-Month,No,No,Yes,0
CUST-10154,72,59.29,4216.93,Month-to-Month,No,No,Yes,0
CUST-10155,6,40.14,230.93,Month-to-Month,Yes,No,Yes,0
CUST-10156,26,18.0,460.62,Month-to-Month,Yes,No,Yes,0
CUST-10157,34,60.22,2146.04,Month-to-Month,Yes,No,No,0
CUST-10158,6,120.0,729.34,Month-to-Month,No,No,No,1
CUST-10159,31,84.62,2601.23,Month-to-Month,No,No,Yes,1
CUST-10160,11,64.52,686.05,Month-to-Month,No,Yes,Yes,1
CUST-10161,24,58.43,1470.5,Month-to-Month,No,No,Yes,0
CUST-10162,24,65.56,1623.92,Month-to-Month,Yes,Yes,No,0
CUST-10163,18,78.68,1385.29,One-Year,No,No,No,1
CUST-10164,2,35.48,67.91,Month-to-Month,No,No,Yes,0
CUST-10165,43,92.86,3815.94,Month-to-Month,No,Yes,No,0
CUST-10166,9,82.88,717.6,Two-Year,No,Yes,No,1
CUST-10167,4,82.95,334.48,One-Year,No,No,No,0
CUST-10168,1,75.96,79.22,Two-Year,Yes,No,Yes,0
CUST-10169,21,65.49,1374.84,Month-to-Month,No,No,Yes,1
CUST-10170,27,81.82,2284.9,Month-to-Month,No,No,Yes,1
CUST-10171,1,79.8,79.37,One-Year,Yes,Yes,No,0
CUST-10172,17,56.15,974.46,Month-to-Month,No,No,No,0
CUST-10173,6,50.66,311.01,Month-to-Month,Yes,Yes,Yes,1
CUST-10174,24,67.55,1568.34,Month-to-Month,No,No,Yes,1
CUST-10175,4,103.73,409.16,Two-Year,No,Yes,Yes,0
CUST-10176,28,34.02,965.64,Month-to-Month,Yes,No,Yes,0
CUST-10177,11,28.31,298.04,Two-Year,No,Yes,Yes,0
CUST-10178,66,69.12,4498.76,Two-Year,No,Yes,Yes,0
CUST-10179,3,66.27,199.5,Month-to-Month,No,No,Yes,1
CUST-10180,10,69.33,727.7,One-Year,Yes,Yes,No,0
CUST-10181,2,71.1,141.84,One-Year,Yes,Yes,Yes,0
CUST-10182,62,59.42,3800.48,Two-Year,Yes,No,Yes,0
CUST-10183,50,102.25,5077.77,Month-to-Month,Yes,No,Yes,0
CUST-10184,7,24.98,180.04,One-Year,No,Yes,No,0
CUST-10185,25,44.29,1117.81,Month-to-Month,No,No,Yes,0
CUST-10186,40,62.42,2593.33,Two-Year,No,No,No,0
CUST-10187,19,23.92,450.43,Month-to-Month,No,Yes,Yes,1
CUST-10188,18,60.6,1102.18,Month-to-Month,No,Yes,No,0
CUST-10189,6,106.54,647.55,One-Year,No,Yes,No,0
CUST-10190,2,65.52,129.96,Two-Year,No,No,Yes,0
CUST-10191,54,70.77,3685.65,One-Year,No,Yes,No,0
CUST-10192,55,33.5,1767.61,Month-to-Month,No,Yes,Yes,0
CUST-10193,24,49.59,1132.64,Month-to-Month,Yes,No,Yes,0
CUST-10194,9,55.62,519.28,Two-Year,Yes,No,Yes,0
CUST-10195,10,57.06,555.56,One-Year,No,Yes,Yes,0
CUST-10196,31,97.04,2921.45,Two-Year,No,No,No,0
CUST-10197,54,78.94,4363.38,Month-to-Month,No,Yes,No,0
CUST-10198,52,37.21,1900.09,Month-to-Month,No,Yes,Yes,0
CUST-10199,36,71.16,2563.31,One-Year,Yes,No,Yes,0
CUST-10200,24,77.46,1796.3,Two-Year,No,No,Yes,0
CUST-10201,2,93.5,195.6,Month-to-Month,Yes,Yes,No,0
CUST-10202,4,104.51,432.74,Two-Year,No,No,Yes,0
CUST-10203,54,39.62,2217.31,Month-to-Month,No,No,No,0
CUST-10204,22,44.73,974.89,Month-to-Month,Yes,Yes,Yes,1
CUST-10205,1,33.56,34.44,Month-to-Month,No,No,Yes,0
CUST-10206,2,59.15,114.09,Month-to-Month,No,Yes,No,1
CUST-10207,26,76.66,1895.22,Month-to-Month,Yes,No,Yes,0
CUST-10208,1,89.68,85.38,Month-to-Month,No,No,Yes,1
CUST-10209,4,63.1,254.59,Month-to-Month,No,Yes,Yes,1
CUST-10210,19,57.0,1078.17,Two-Year,No,Yes,Yes,1
CUST-10211,28,68.79,1929.59,Month-to-Month,Yes,Yes,No,0
CUST-10212,25,44.12,1048.67,Month-to-Month,Yes,Yes,Yes,0
CUST-10213,6,117.24,698.0,Month-to-Month,No,Yes,Yes,1
CUST-10214,29,24.81,735.18,Month-to-Month,Yes,Yes,Yes,0
CUST-10215,6,69.62,415.33,One-Year,No,No,Yes,1
CUST-10216,9,115.59,1064.47,Month-to-Month,Yes,Yes,No,0
CUST-10217,32,65.17,2029.76,One-Year,No,No,No,0
CUST-10218,25,60.25,1553.42,One-Year,No,No,No,0
CUST-10219,45,56.06,2545.01,Month-to-Month,Yes,No,Yes,0
CUST-10220,25,60.49,1468.51,Month-to-Month,Yes,No,Yes,0
CUST-10221,20,99.32,1934.1,Month-to-Month,No,Yes,Yes,0
CUST-10222,2,18.0,36.46,Month-to-Month,No,Yes,No,0
CUST-10223,11,103.34,1174.25,One-Year,Yes,No,Yes,0
CUST-10224,7,29.4,204.06,One-Year,No,No,Yes,1
CUST-10225,6,58.33,341.52,Month-to-Month,Yes,No,No,0
CUST-10226,72,54.27,4050.85,Month-to-Month,No,No,Yes,0
CUST-10227,11,79.71,891.65,Month-to-Month,No,No,Yes,1
CUST-10228,53,25.05,1320.76,One-Year,Yes,No,Yes,0
CUST-10229,23,76.55,1758.52,Month-to-Month,No,No,Yes,0
CUST-10230,38,115.61,4263.25,Month-to-Month,Yes,Yes,Yes,1
CUST-10231,16,30.92,500.99,Month-to-Month,Yes,Yes,Yes,0
CUST-10232,20,69.74,1375.1,One-Year,Yes,No,Yes,0
CUST-10233,16,48.45,813.62,Two-Year,No,Yes,Yes,0
CUST-10234,5,75.65,377.5,Month-to-Month,No,Yes,No,1
CUST-10235,30,65.48,1961.63,Month-to-Month,No,Yes,Yes,0
CUST-10236,7,48.96,344.98,Two-Year,Yes,No,No,0
CUST-10237,1,77.2,80.42,Month-to-Month,Yes,Yes,Yes,1
CUST-10238,24,110.11,2722.14,One-Year,No,No,Yes,0
CUST-10239,4,60.23,239.74,Month-to-Month,Yes,Yes,No,0
CUST-10240,67,82.99,5681.93,One-Year,No,Yes,Yes,0
CUST-10241,72,32.67,2372.52,Month-to-Month,Yes,Yes,Yes,0
CUST-10242,59,41.09,2422.46,Two-Year,No,Yes,No,0
CUST-10243,11,76.81,818.91,One-Year,Yes,No,Yes,0
CUST-10244,1,102.1,101.73,One-Year,No,Yes,Yes,1
CUST-10245,63,73.89,4536.75,One-Year,Yes,Yes,Yes,0
CUST-10246,13,57.17,774.04,One-Year,Yes,No,No,0
CUST-10247,72,64.98,4601.55,Month-to-Month,Yes,No,No,0
CUST-10248,72,33.74,2539.15,Two-Year,Yes,Yes,Yes,0
CUST-10249,46,80.11,3697.24,Two-Year,Yes,Yes,Yes,1
CUST-10250,8,87.06,705.64,Month-to-Month,No,No,Yes,0
CUST-10251,11,53.7,593.24,Two-Year,No,No,Yes,0
CUST-10252,45,53.25,2307.44,One-Year,No,Yes,Yes,0
CUST-10253,9,71.65,636.84,Month-to-Month,No,No,Yes,1
CUST-10254,4,54.08,207.65,Month-to-Month,No,Yes,Yes,1
CUST-10255,19,63.35,1218.45,Month-to-Month,No,Yes,Yes,1
CUST-10256,66,117.49,7713.14,Month-to-Month,No,No,No,0
CUST-10257,28,58.82,1692.74,Month-to-Month,No,No,Yes,0
CUST-10258,20,56.04,1089.47,Month-to-Month,No,Yes,Yes,0
CUST-10259,2,48.81,94.35,Month-to-Month,Yes,No,Yes,0
CUST-10260,22,83.6,1821.97,Month-to-Month,Yes,Yes,No,0
CUST-10261,72,60.47,4539.57,Two-Year,No,Yes,No,0
CUST-10262,3,48.77,149.39,Month-to-Month,Yes,Yes,No,0
CUST-10263,17,98.03,1653.0,Month-to-Month,No,Yes,Yes,0
CUST-10264,50,100.49,5033.18,Month-to-Month,No,No,No,0
CUST-10265,32,49.99,1533.17,Month-to-Month,Yes,No,Yes,0
CUST-10266,28,18.34,538.4,One-Year,Yes,Yes,Yes,0
CUST-10267,29,90.19,2659.03,One-Year,No,No,Yes,0
CUST-10268,10,47.88,468.53,One-Year,No,No,No,0
CUST-10269,8,84.77,683.98,Month-to-Month,Yes,No,No,0
CUST-10270,39,18.0,674.59,One-Year,No,No,No,0
CUST-10271,39,87.31,3563.71,Month-to-Month,No,Yes,No,1
CUST-10272,48,34.72,1612.36,Month-to-Month,Yes,No,Yes,0
CUST-10273,58,83.27,4901.15,Month-to-Month,Yes,No,Yes,0
CUST-10274,17,65.36,1082.84,Month-to-Month,No,No,Yes,1
CUST-10275,16,41.15,672.72,Month-to-Month,Yes,No,No,0
CUST-10276,38,54.82,2140.83,Month-to-Month,No,Yes,Yes,0
CUST-10277,25,82.16,2089.62,Two-Year,No,No,No,0
CUST-10278,29,67.65,1984.31,Month-to-Month,No,Yes,Yes,0
CUST-10279,38,79.61,3143.91,Month-to-Month,No,Yes,Yes,1
CUST-10280,52,114.41,5698.63,Month-to-Month,No,Yes,Yes,0
CUST-10281,9,25.89,229.07,One-Year,Yes,No,Yes,0
CUST-10282,11,105.43,1130.54,Month-to-Month,Yes,Yes,No,1
CUST-10283,2,67.61,141.82,Two-Year,No,No,Yes,0
CUST-10284,20,42.53,841.19,Two-Year,No,Yes,Yes,0
CUST-10285,1,31.74,32.48,Month-to-Month,Yes,No,Yes,1
CUST-10286,15,60.27,920.75,Month-to-Month,No,Yes,Yes,1
CUST-10287,18,88.04,1539.09,Month-to-Month,Yes,No,Yes,0
CUST-10288,8,61.81,481.57,One-Year,Yes,No,Yes,0
CUST-10289,21,102.78,2111.17,Month-to-Month,Yes,Yes,No,0
CUST-10290,1,28.72,28.46,Month-to-Month,No,Yes,Yes,1
CUST-10291,1,64.7,62.98,Month-to-Month,No,No,Yes,1
CUST-10292,41,33.69,1314.94,One-Year,Yes,No,Yes,0
CUST-10293,10,74.09,769.01,Month-to-Month,Yes,No,Yes,1
CUST-10294,3,87.17,273.69,Month-to-Month,Yes,Yes,Yes,0
CUST-10295,17,54.48,911.49,One-Year,No,No,Yes,1
CUST-10296,35,18.0,619.83,One-Year,Yes,Yes,Yes,0
CUST-10297,5,69.97,332.61,Two-Year,No,No,No,0
CUST-10298,23,75.92,1777.63,Month-to-Month,Yes,No,Yes,1
CUST-10299,2,75.11,155.11,One-Year,No,Yes,No,0
CUST-10300,1,95.89,92.5,One-Year,Yes,No,No,1
CUST-10301,18,38.22,664.55,Month-to-Month,No,No,Yes,0
CUST-10302,18,82.01,1519.0,One-Year,Yes,No,Yes,0
CUST-10303,24,94.81,2301.9,Month-to-Month,Yes,Yes,Yes,1
CUST-10304,31,20.54,607.76,Two-Year,No,Yes,Yes,0
CUST-10305,72,72.99,5319.68,Month-to-Month,No,No,No,0
CUST-10306,17,52.4,873.78,One-Year,No,Yes,No,0
CUST-10307,9,62.96,559.2,Month-to-Month,No,Yes,Yes,0
CUST-10308,38,73.69,2875.75,Two-Year,No,No,Yes,0
CUST-10309,7,52.82,381.24,Month-to-Month,No,Yes,Yes,0
CUST-10310,13,48.11,619.2,Two-Year,Yes,No,Yes,0
CUST-10311,1,65.85,68.79,Two-Year,No,Yes,No,0
CUST-10312,1,37.82,37.47,Month-to-Month,No,Yes,Yes,0
CUST-10313,72,37.85,2799.28,Two-Year,Yes,No,Yes,0
CUST-10314,43,81.98,3519.46,Two-Year,No,No,No,0
CUST-10315,28,36.28,1056.22,Month-to-Month,Yes,No,Yes,0
CUST-10316,12,81.66,1019.88,Month-to-Month,Yes,No,Yes,0
CUST-10317,4,76.56,293.61,Month-to-Month,No,No,Yes,1
CUST-10318,4,21.85,91.21,Month-to-Month,No,Yes,Yes,0
CUST-10319,6,48.06,297.75,Month-to-Month,Yes,Yes,No,1
CUST-10320,19,94.85,1854.65,Month-to-Month,Yes,Yes,No,0
CUST-10321,30,40.47,1177.79,Month-to-Month,No,No,Yes,0
CUST-10322,25,53.39,1375.48,Month-to-Month,Yes,Yes,No,0
CUST-10323,7,76.55,554.61,Month-to-Month,No,Yes,Yes,1
CUST-10324,72,84.58,5961.36,Two-Year,No,No,No,0
CUST-10325,32,58.71,1963.69,One-Year,No,Yes,No,0
CUST-10326,19,50.06,908.33,Month-to-Month,No,Yes,Yes,0
CUST-10327,22,100.56,2134.87,One-Year,No,No,No,1
CUST-10328,13,108.47,1415.41,One-Year,No,Yes,Yes,0
CUST-10329,6,89.47,540.89,Two-Year,No,No,Yes,0
CUST-10330,10,67.13,681.04,Month-to-Month,No,No,No,1
CUST-10331,34,44.79,1449.3,Month-to-Month,No,Yes,No,0
CUST-10332,1,44.24,46.28,Two-Year,No,No,No,0
CUST-10333,2,78.06,149.01,Two-Year,Yes,Yes,No,0
CUST-10334,1,75.46,72.77,One-Year,Yes,No,Yes,0
CUST-10335,1,100.04,95.18,One-Year,Yes,No,Yes,1
CUST-10336,46,81.26,3762.95,Month-to-Month,Yes,No,No,0
CUST-10337,29,27.42,829.55,Month-to-Month,Yes,No,Yes,0
CUST-10338,15,91.3,1392.23,Month-to-Month,No,Yes,No,0
CUST-10339,2,40.05,82.68,Month-to-Month,No,Yes,Yes,1
CUST-10340,16,55.4,843.26,Two-Year,No,No,No,0
CUST-10341,15,71.26,1073.39,Month-to-Month,No,Yes,Yes,1
CUST-10342,4,114.89,457.7,Month-to-Month,No,Yes,No,1
CUST-10343,13,120.0,1559.84,Two-Year,No,Yes,Yes,0
CUST-10344,12,80.17,920.89,Month-to-Month,No,No,No,1
CUST-10345,22,60.42,1353.76,Two-Year,Yes,Yes,Yes,0
CUST-10346,24,78.36,1881.25,Two-Year,No,No,Yes,0
CUST-10347,1,87.19,89.5,One-Year,No,Yes,No,1
CUST-10348,11,56.98,625.86,Month-to-Month,Yes,Yes,No,1
CUST-10349,23,109.88,2438.63,Month-to-Month,No,No,No,1
CUST-10350,16,70.75,1148.78,Month-to-Month,No,Yes,Yes,0
CUST-10351,46,77.44,3445.54,Month-to-Month,Yes,No,Yes,0
CUST-10352,25,81.65,2117.27,Month-to-Month,No,Yes,Yes,0
CUST-10353,4,75.54,305.58,Two-Year,Yes,Yes,Yes,0
CUST-10354,1,85.97,83.02,Month-to-Month,Yes,Yes,No,0
CUST-10355,24,49.57,1244.68,One-Year,No,No,Yes,0
CUST-10356,1,51.04,51.13,Month-to-Month,No,No,Yes,1
CUST-10357,21,37.5,753.87,One-Year,No,No,Yes,0
CUST-10358,67,75.99,5155.9,Two-Year,No,Yes,Yes,0
CUST-10359,20,84.47,1647.71,Month-to-Month,Yes,No,Yes,1
CUST-10360,11,76.44,866.38,Month-to-Month,No,No,Yes,1
CUST-10361,24,106.86,2646.15,One-Year,No,No,Yes,0
CUST-10362,14,64.86,951.53,One-Year,No,No,Yes,0
CUST-10363,18,81.72,1471.24,One-Year,Yes,No,No,0
CUST-10364,68,37.71,2552.73,Month-to-Month,No,Yes,Yes,0
CUST-10365,11,55.32,623.94,Month-to-Month,No,No,Yes,1
CUST-10366,72,82.39,5714.06,Two-Year,No,No,No,0
CUST-10367,56,86.23,4851.53,Two-Year,No,No,No,0
CUST-10368,5,57.65,289.58,Month-to-Month,Yes,Yes,No,1
CUST-10369,1,63.21,60.62,Two-Year,No,Yes,No,0
CUST-10370,2,27.05,53.66,Month-to-Month,No,Yes,Yes,1
CUST-10371,1,56.07,58.05,Month-to-Month,Yes,Yes,No,1
CUST-10372,2,87.26,180.74,Month-to-Month,No,Yes,Yes,1
CUST-10373,27,79.38,2057.37,Month-to-Month,No,No,Yes,0
CUST-10374,1,77.52,74.35,Month-to-Month,No,No,No,1
CUST-10375,9,66.24,582.01,Month-to-Month,No,No,Yes,0
CUST-10376,44,65.18,2975.4,Month-to-Month,Yes,No,No,0
CUST-10377,1,48.49,46.69,One-Year,No,Yes,No,1
CUST-10378,40,82.47,3371.37,One-Year,No,No,Yes,0
CUST-10379,7,75.52,507.56,One-Year,Yes,Yes,No,0
CUST-10380,3,77.3,234.76,Two-Year,Yes,No,Yes,1
CUST-10381,28,51.85,1430.9,Month-to-Month,Yes,Yes,Yes,0
CUST-10382,23,18.0,425.96,One-Year,No,Yes,No,0
CUST-10383,50,92.43,4498.43,One-Year,No,Yes,Yes,0
CUST-10384,31,53.03,1666.81,Month-to-Month,No,No,No,0
CUST-10385,39,43.43,1649.0,Month-to-Month,No,Yes,Yes,0
CUST-10386,7,82.34,588.69,Month-to-Month,No,Yes,Yes,1
CUST-10387,4,55.2,229.05,Two-Year,Yes,No,No,0
CUST-10388,33,91.5,2906.81,Month-to-Month,No,No,Yes,1
CUST-10389,39,80.43,3251.76,Two-Year,No,Yes,Yes,0
CUST-10390,72,82.09,5965.79,One-Year,No,No,Yes,0
CUST-10391,12,30.85,356.4,One-Year,No,No,No,0
CUST-10392,11,95.3,1040.7,Two-Year,No,Yes,Yes,0
CUST-10393,35,71.53,2418.64,One-Year,No,No,No,0
CUST-10394,10,55.77,568.87,Month-to-Month,Yes,Yes,Yes,0
CUST-10395,64,68.58,4502.74,Month-to-Month,No,No,No,0
CUST-10396,46,20.59,909.8,Two-Year,Yes,No,No,0
CUST-10397,13,75.22,978.46,Month-to-Month,Yes,No,Yes,1
CUST-10398,33,39.27,1336.68,Month-to-Month,No,No,Yes,0
CUST-10399,33,31.18,1073.82,Month-to-Month,Yes,Yes,No,1
CUST-10400,2,26.94,53.95,Two-Year,Yes,Yes,No,0
CUST-10401,55,92.82,5334.97,Month-to-Month,Yes,No,Yes,0
CUST-10402,16,49.27,791.13,One-Year,No,No,No,0
CUST-10403,42,103.34,4294.36,Month-to-Month,No,Yes,No,0
CUST-10404,9,51.6,480.57,Month-to-Month,No,No,No,1
CUST-10405,54,22.32,1204.43,One-Year,Yes,Yes,No,0
CUST-10406,11,37.09,406.84,Month-to-Month,No,Yes,Yes,1
CUST-10407,1,95.9,95.81,One-Year,No,No,No,1
CUST-10408,56,61.1,3540.26,One-Year,Yes,Yes,Yes,0
CUST-10409,2,51.29,105.99,Two-Year,No,No,Yes,0
CUST-10410,9,69.0,615.01,Month-to-Month,No,Yes,Yes,0
CUST-10411,71,77.54,5413.57,Two-Year,Yes,Yes,Yes,0
CUST-10412,72,92.93,6685.56,One-Year,No,No,Yes,0
CUST-10413,20,101.21,2038.93,Two-Year,No,No,Yes,0
CUST-10414,23,56.01,1254.52,Month-to-Month,Yes,Yes,Yes,1
CUST-10415,14,31.85,459.01,Month-to-Month,Yes,Yes,No,0
CUST-10416,8,54.66,436.69,Two-Year,Yes,Yes,Yes,0
CUST-10417,9,71.51,632.91,Two-Year,Yes,No,Yes,0
CUST-10418,26,40.91,1021.84,Month-to-Month,No,No,Yes,0
CUST-10419,33,41.07,1319.92,Month-to-Month,No,No,Yes,0
CUST-10420,37,73.59,2845.16,Month-to-Month,Yes,Yes,Yes,0
CUST-10421,37,63.78,2313.87,Month-to-Month,No,Yes,Yes,0
CUST-10422,2,65.82,127.28,Month-to-Month,Yes,No,No,1
CUST-10423,16,46.04,733.74,Month-to-Month,Yes,No,No,0
CUST-10424,1,59.24,58.1,Two-Year,Yes,No,No,0
CUST-10425,19,41.89,758.91,Month-to-Month,No,No,Yes,0
CUST-10426,13,87.25,1114.19,One-Year,No,Yes,Yes,0
CUST-10427,52,90.88,4746.6,Month-to-Month,Yes,No,Yes,0
CUST-10428,10,18.85,189.47,Month-to-Month,Yes,No,No,1
CUST-10429,2,41.76,82.32,Month-to-Month,No,No,Yes,1
CUST-10430,3,27.59,82.33,Month-to-Month,No,Yes,Yes,1
CUST-10431,34,48.75,1734.66,One-Year,Yes,Yes,Yes,0
CUST-10432,23,62.91,1429.18,Two-Year,Yes,Yes,Yes,0
CUST-10433,2,28.76,56.13,Month-to-Month,No,No,No,0
CUST-10434,2,41.95,81.75,Month-to-Month,No,Yes,No,0
CUST-10435,28,39.9,1112.48,Month-to-Month,Yes,Yes,No,0
CUST-10436,1,70.18,72.0,Two-Year,No,No,Yes,0
CUST-10437,41,66.73,2655.49,One-Year,No,Yes,No,0
CUST-10438,29,46.96,1390.34,Month-to-Month,No,Yes,No,0
CUST-10439,2,69.42,132.19,One-Year,No,Yes,No,1
CUST-10440,2,51.33,101.83,Two-Year,No,Yes,Yes,0
CUST-10441,72,58.21,4306.74,Month-to-Month,No,Yes,Yes,0
CUST-10442,11,106.84,1156.29,Month-to-Month,Yes,No,No,1
CUST-10443,11,98.51,1090.52,Two-Year,Yes,No,Yes,0
CUST-10444,40,32.51,1262.04,One-Year,No,No,No,0
CUST-10445,70,85.74,6147.04,Month-to-Month,Yes,Yes,No,0
CUST-10446,72,85.28,5865.25,Month-to-Month,No,No,Yes,1
CUST-10447,33,36.29,1239.79,Month-to-Month,No,Yes,Yes,1
CUST-10448,11,85.47,911.8,Month-to-Month,No,Yes,Yes,0
CUST-10449,2,103.45,214.65,One-Year,No,No,No,1
CUST-10450,36,36.94,1310.23,Month-to-Month,Yes,Yes,No,0
CUST-10451,19,42.06,816.94,One-Year,No,Yes,Yes,0
CUST-10452,13,90.44,1154.47,Two-Year,No,No,Yes,1
CUST-10453,56,71.79,4183.43,Month-to-Month,Yes,No,Yes,0
CUST-10454,2,78.79,151.7,Month-to-Month,No,Yes,No,1
CUST-10455,16,73.51,1138.35,Month-to-Month,Yes,Yes,Yes,0
CUST-10456,1,74.77,74.72,One-Year,No,Yes,Yes,0
CUST-10457,15,31.84,457.63,Month-to-Month,No,No,No,1
CUST-10458,1,91.18,88.41,One-Year,Yes,Yes,Yes,0
CUST-10459,3,94.24,295.27,Two-Year,No,Yes,Yes,0
CUST-10460,3,59.27,186.28,Month-to-Month,No,No,Yes,0
CUST-10461,25,63.91,1577.98,Two-Year,Yes,No,Yes,0
CUST-10462,32,26.72,891.23,Two-Year,Yes,Yes,Yes,0
CUST-10463,21,77.86,1642.39,Month-to-Month,No,Yes,No,1
CUST-10464,72,79.3,5578.13,Month-to-Month,No,No,No,0
CUST-10465,11,63.45,712.08,Two-Year,No,No,No,0
CUST-10466,8,93.11,756.72,Two-Year,No,Yes,No,0
CUST-10467,48,56.65,2852.2,Month-to-Month,No,Yes,Yes,0
CUST-10468,6,79.12,463.57,Month-to-Month,No,Yes,Yes,1
CUST-10469,72,39.51,2893.67,Month-to-Month,No,Yes,Yes,0
CUST-10470,1,64.41,61.52,Two-Year,No,No,No,0
CUST-10471,72,60.64,4197.39,Month-to-Month,Yes,Yes,No,0
CUST-10472,1,70.63,67.13,Month-to-Month,Yes,No,Yes,1
CUST-10473,53,55.76,3102.88,Two-Year,No,No,Yes,0
CUST-10474,18,61.71,1144.36,Month-to-Month,Yes,No,Yes,0
CUST-10475,72,85.65,6343.62,One-Year,No,Yes,Yes,0
CUST-10476,1,54.08,54.13,Month-to-Month,No,No,No,1
CUST-10477,19,24.84,462.52,Two-Year,Yes,Yes,Yes,0
CUST-10478,72,108.74,7556.25,Month-to-Month,No,No,No,0
CUST-10479,17,99.54,1655.74,One-Year,No,No,Yes,0
CUST-10480,23,32.69,742.54,One-Year,No,Yes,No,0
CUST-10481,28,82.24,2361.74,Month-to-Month,Yes,Yes,No,0
CUST-10482,14,52.43,736.93,Month-to-Month,Yes,Yes,No,0
CUST-10483,23,71.59,1577.0,Month-to-Month,No,No,Yes,0
CUST-10484,21,72.36,1446.32,Month-to-Month,No,No,Yes,1
CUST-10485,55,59.14,3123.35,Two-Year,Yes,No,Yes,0
CUST-10486,1,45.41,45.0,Two-Year,Yes,No,Yes,0
CUST-10487,7,47.74,348.66,Month-to-Month,No,Yes,No,0
CUST-10488,72,42.1,3072.85,One-Year,No,No,No,0
CUST-10489,53,44.2,2413.31,One-Year,No,No,Yes,0
CUST-10490,14,63.32,883.5,Two-Year,No,No,Yes,0
CUST-10491,23,47.11,1068.54,Month-to-Month,No,No,Yes,0
CUST-10492,7,82.05,551.86,Month-to-Month,Yes,No,No,1
CUST-10493,5,102.18,530.11,Month-to-Month,No,No,No,1
CUST-10494,14,50.5,727.02,Month-to-Month,Yes,No,Yes,0
CUST-10495,10,70.99,686.34,Month-to-Month,No,No,Yes,1
CUST-10496,21,77.49,1629.29,Month-to-Month,No,No,No,1
CUST-10497,1,76.8,76.7,Month-to-Month,Yes,No,No,1
CUST-10498,72,66.9,4877.05,One-Year,No,No,Yes,0
CUST-10499,72,83.57,6285.51,Month-to-Month,No,No,No,0
CUST-10500,28,77.06,2174.89,Month-to-Month,Yes,Yes,No,0
CUST-10501,18,34.06,615.55,Month-to-Month,No,Yes,Yes,1
CUST-10502,8,86.73,662.64,Month-to-Month,Yes,Yes,Yes,0
CUST-10503,40,87.18,3334.78,One-Year,No,No,Yes,0
CUST-10504,27,45.92,1201.08,Month-to-Month,No,No,Yes,0
CUST-10505,4,65.95,251.47,Month-to-Month,Yes,No,Yes,0
CUST-10506,58,82.08,4876.49,Month-to-Month,No,Yes,Yes,0
CUST-10507,41,59.77,2505.3,Month-to-Month,Yes,Yes,Yes,0
CUST-10508,71,91.82,6281.96,Month-to-Month,No,Yes,Yes,0
CUST-10509,31,120.0,3845.02,Two-Year,No,Yes,Yes,0
CUST-10510,22,45.35,963.26,Month-to-Month,Yes,No,Yes,1
CUST-10511,13,30.47,388.23,Month-to-Month,Yes,Yes,No,0
CUST-10512,64,72.6,4529.76,Month-to-Month,No,No,No,0
CUST-10513,48,83.04,3935.02,Month-to-Month,No,No,Yes,0
CUST-10514,1,59.23,57.78,One-Year,Yes,No,Yes,1
CUST-10515,1,101.33,101.22,One-Year,No,No,No,1
CUST-10516,11,31.53,343.62,One-Year,Yes,Yes,Yes,0
CUST-10517,39,82.32,3366.69,Month-to-Month,Yes,Yes,No,0
CUST-10518,72,49.85,3429.81,Month-to-Month,No,No,Yes,0
CUST-10519,3,107.98,312.35,Two-Year,Yes,No,No,0
CUST-10520,21,114.81,2303.2,Two-Year,No,Yes,Yes,0
CUST-10521,11,45.83,510.47,Month-to-Month,No,Yes,No,0
CUST-10522,72,51.26,3526.3,Month-to-Month,No,Yes,No,0
CUST-10523,44,86.49,3933.59,Month-to-Month,No,Yes,No,0
CUST-10524,43,55.32,2381.6,Month-to-Month,No,No,No,0
CUST-10525,15,63.86,960.49,Month-to-Month,No,No,Yes,1
CUST-10526,12,65.63,792.41,Month-to-Month,No,Yes,Yes,0
CUST-10527,7,18.0,121.85,One-Year,No,No,Yes,0
CUST-10528,1,64.65,62.7,Month-to-Month,No,No,Yes,1
CUST-10529,48,47.76,2250.94,Month-to-Month,Yes,Yes,Yes,0
CUST-10530,40,52.67,2126.5,Month-to-Month,No,No,No,1
CUST-10531,72,101.09,7067.49,Two-Year,No,No,No,0
CUST-10532,72,33.59,2325.69,Month-to-Month,No,No,Yes,0
CUST-10533,19,85.33,1697.49,One-Year,No,No,Yes,1
CUST-10534,35,58.03,1933.96,Month-to-Month,No,No,Yes,1
CUST-10535,69,58.01,4123.85,One-Year,No,Yes,No,0
CUST-10536,45,84.76,3924.06,Month-to-Month,Yes,No,Yes,0
CUST-10537,6,73.5,432.06,Month-to-Month,No,No,No,1
CUST-10538,14,79.27,1069.34,Month-to-Month,Yes,Yes,No,0
CUST-10539,3,89.2,258.12,Month-to-Month,No,No,No,1
CUST-10540,72,56.72,4164.47,Month-to-Month,No,No,Yes,0
CUST-10541,22,49.69,1108.79,One-Year,Yes,Yes,Yes,0
CUST-10542,6,37.87,233.64,Month-to-Month,Yes,No,No,0
CUST-10543,26,44.36,1203.82,Month-to-Month,No,Yes,No,0
CUST-10544,23,120.0,2812.97,Month-to-Month,Yes,No,No,1
CUST-10545,10,96.12,928.12,One-Year,Yes,Yes,Yes,0
CUST-10546,2,31.22,60.84,Two-Year,No,No,No,0
CUST-10547,26,31.94,858.86,One-Year,Yes,Yes,Yes,0
CUST-10548,17,77.05,1271.77,Month-to-Month,No,Yes,No,1
CUST-10549,35,78.68,2636.08,One-Year,No,Yes,No,0
CUST-10550,17,78.72,1365.44,Two-Year,Yes,No,No,0
CUST-10551,45,58.63,2612.63,Two-Year,Yes,No,No,0
CUST-10552,19,61.86,1224.71,Month-to-Month,No,No,Yes,1
CUST-10553,19,73.2,1411.7,Month-to-Month,No,No,No,0
CUST-10554,50,67.15,3219.98,Month-to-Month,No,No,No,1
CUST-10555,12,18.0,225.67,Month-to-Month,No,Yes,Yes,0
CUST-10556,3,59.26,173.49,One-Year,No,No,No,1
CUST-10557,1,43.71,43.0,Month-to-Month,Yes,Yes,Yes,0
CUST-10558,33,69.38,2267.16,Month-to-Month,Yes,No,No,0
CUST-10559,23,120.0,2636.14,One-Year,Yes,No,Yes,0
CUST-10560,29,74.19,2150.76,Two-Year,Yes,Yes,No,0
CUST-10561,5,57.16,275.03,Month-to-Month,No,Yes,Yes,0
CUST-10562,3,88.05,261.53,One-Year,No,No,Yes,0
CUST-10563,1,77.07,75.92,Month-to-Month,Yes,Yes,Yes,0
CUST-10564,10,75.5,775.6,Two-Year,No,Yes,Yes,1
CUST-10565,21,80.17,1734.61,Two-Year,Yes,Yes,No,0
CUST-10566,11,116.41,1236.13,Month-to-Month,No,No,Yes,1
CUST-10567,13,36.73,471.12,One-Year,No,No,No,1
CUST-10568,56,76.84,4248.54,Two-Year,No,Yes,No,0
CUST-10569,10,41.84,403.82,Month-to-Month,No,Yes,No,0
CUST-10570,17,78.89,1381.16,Month-to-Month,Yes,No,No,0
CUST-10571,36,42.03,1544.44,One-Year,No,No,Yes,0
CUST-10572,12,54.57,634.56,Month-to-Month,No,Yes,Yes,0
CUST-10573,23,57.62,1307.6,Month-to-Month,No,Yes,Yes,0
CUST-10574,47,89.4,4036.17,Two-Year,No,No,Yes,1
CUST-10575,71,87.96,6325.23,One-Year,No,No,No,0
CUST-10576,3,33.86,97.73,Month-to-Month,No,No,Yes,1
CUST-10577,62,66.37,4314.9,Month-to-Month,No,No,No,1
CUST-10578,16,47.26,777.38,Month-to-Month,Yes,Yes,Yes,0
CUST-10579,7,33.54,232.2,Month-to-Month,No,Yes,No,0
CUST-10580,14,59.57,840.53,Month-to-Month,No,Yes,Yes,0
CUST-10581,72,57.29,4294.55,One-Year,No,Yes,Yes,0
CUST-10582,16,120.0,1930.39,Month-to-Month,Yes,No,No,1
CUST-10583,9,75.82,660.17,Month-to-Month,No,No,Yes,0
CUST-10584,24,30.56,724.54,Month-to-Month,Yes,No,No,0
CUST-10585,6,50.88,315.76,Two-Year,No,Yes,Yes,0
CUST-10586,1,90.53,91.84,Month-to-Month,No,No,Yes,1
CUST-10587,3,117.21,356.93,Month-to-Month,No,No,No,1
CUST-10588,3,25.35,78.84,Month-to-Month,No,Yes,Yes,0
CUST-10589,3,18.0,56.13,One-Year,Yes,No,No,0
CUST-10590,3,111.77,349.39,One-Year,Yes,Yes,Yes,0
CUST-10591,24,74.74,1721.09,Month-to-Month,No,Yes,No,1
CUST-10592,4,43.29,173.92,Month-to-Month,Yes,No,Yes,0
CUST-10593,10,78.37,802.55,Month-to-Month,No,No,Yes,0
CUST-10594,54,18.0,996.97,Month-to-Month,Yes,Yes,Yes,0
CUST-10595,15,65.08,986.62,Month-to-Month,No,Yes,Yes,0
CUST-10596,26,73.2,1839.78,Month-to-Month,No,No,Yes,1
CUST-10597,4,88.11,362.92,Month-to-Month,Yes,No,No,1
CUST-10598,5,39.65,202.61,Month-to-Month,Yes,No,No,1
CUST-10599,1,67.14,64.36,Month-to-Month,No,Yes,Yes,0
CUST-10600,4,41.86,166.83,One-Year,No,Yes,Yes,1
CUST-10601,7,71.38,483.37,Month-to-Month,No,Yes,Yes,1
CUST-10602,4,42.62,167.71,Month-to-Month,No,Yes,Yes,1
CUST-10603,2,54.8,104.32,Month-to-Month,No,Yes,Yes,1
CUST-10604,3,40.1,119.1,Two-Year,Yes,Yes,Yes,0
CUST-10605,14,81.28,1143.6,Two-Year,No,No,No,0
CUST-10606,5,86.46,437.47,Month-to-Month,Yes,Yes,No,1
CUST-10607,10,59.13,600.97,Month-to-Month,Yes,No,Yes,1
CUST-10608,16,65.96,1090.85,Month-to-Month,No,Yes,Yes,0
CUST-10609,28,28.79,783.18,Month-to-Month,Yes,No,No,0
CUST-10610,1,57.51,55.33,Month-to-Month,Yes,Yes,Yes,1
CUST-10611,38,63.74,2507.27,One-Year,Yes,No,No,0
CUST-10612,23,120.0,2665.23,Month-to-Month,No,Yes,No,1
CUST-10613,2,37.2,77.93,Two-Year,No,No,Yes,0
CUST-10614,49,101.6,5148.93,Month-to-Month,No,No,Yes,0
CUST-10615,60,89.92,5395.67,Two-Year,No,No,No,0
CUST-10616,1,72.02,75.49,One-Year,No,Yes,No,0
CUST-10617,7,108.97,732.08,Month-to-Month,Yes,No,Yes,1
CUST-10618,39,74.3,2840.63,Month-to-Month,No,No,No,0
CUST-10619,33,74.73,2500.18,Month-to-Month,Yes,Yes,Yes,0
CUST-10620,4,63.67,250.86,Month-to-Month,Yes,No,Yes,0
CUST-10621,5,95.59,498.42,Month-to-Month,Yes,No,No,0
CUST-10622,11,92.41,972.36,One-Year,No,No,No,0
CUST-10623,15,49.36,744.06,Month-to-Month,Yes,No,No,0
CUST-10624,23,32.02,743.15,Two-Year,Yes,No,No,0
CUST-10625,11,59.93,669.3,Month-to-Month,Yes,No,Yes,0
CUST-10626,14,45.0,614.61,Two-Year,Yes,Yes,Yes,0
CUST-10627,33,63.41,2064.19,Month-to-Month,No,No,Yes,0
CUST-10628,1,95.94,99.24,One-Year,No,No,Yes,0
CUST-10629,6,53.57,311.61,Month-to-Month,No,No,No,0
CUST-10630,29,63.93,1914.57,Month-to-Month,Yes,No,Yes,0
CUST-10631,54,66.45,3610.78,Two-Year,Yes,Yes,No,0
CUST-10632,17,86.21,1504.0,Month-to-Month,No,Yes,No,1
CUST-10633,18,18.0,330.92,One-Year,Yes,Yes,Yes,0
CUST-10634,2,49.83,96.75,One-Year,No,Yes,Yes,0
CUST-10635,14,70.28,990.69,Month-to-Month,Yes,Yes,No,0
CUST-10636,18,95.0,1772.88,Month-to-Month,No,No,No,1
CUST-10637,6,52.7,314.05,One-Year,Yes,Yes,No,0
CUST-10638,7,18.09,132.54,Month-to-Month,No,No,Yes,0
CUST-10639,11,80.49,881.16,One-Year,No,No,Yes,1
CUST-10640,1,49.12,47.37,Two-Year,No,Yes,Yes,0
CUST-10641,9,35.26,313.83,Month-to-Month,Yes,Yes,Yes,0
CUST-10642,5,49.39,258.1,Month-to-Month,No,No,No,0
CUST-10643,9,60.39,533.71,One-Year,No,No,No,0
CUST-10644,3,49.88,155.15,Month-to-Month,Yes,No,Yes,1
CUST-10645,53,18.0,990.37,Month-to-Month,Yes,No,Yes,0
CUST-10646,21,87.43,1808.52,Month-to-Month,No,No,Yes,0
CUST-10647,27,96.87,2506.49,Month-to-Month,Yes,No,No,0
CUST-10648,37,81.29,3075.27,Month-to-Month,No,No,Yes,0
CUST-10649,16,36.56,573.93,Month-to-Month,Yes,No,No,0
CUST-10650,2,59.96,123.31,One-Year,No,No,Yes,0
CUST-10651,18,64.84,1160.43,Month-to-Month,Yes,Yes,No,0
CUST-10652,21,79.97,1676.9,Month-to-Month,No,No,Yes,1
CUST-10653,32,81.71,2687.39,Two-Year,Yes,No,Yes,0
CUST-10654,13,46.65,599.32,One-Year,Yes,No,No,0
CUST-10655,3,67.05,200.01,Two-Year,Yes,Yes,Yes,0
CUST-10656,8,76.43,603.87,Month-to-Month,No,Yes,Yes,0
CUST-10657,10,101.4,1000.55,One-Year,Yes,Yes,Yes,1
CUST-10658,24,82.61,1987.78,Month-to-Month,No,Yes,Yes,1
CUST-10659,20,84.73,1746.93,Month-to-Month,Yes,Yes,Yes,0
CUST-10660,10,67.1,661.72,Month-to-Month,Yes,No,No,0
CUST-10661,72,100.26,7236.23,Month-to-Month,No,Yes,No,0
CUST-10662,22,75.24,1683.54,Two-Year,No,Yes,Yes,0
CUST-10663,6,43.47,254.81,Month-to-Month,No,Yes,Yes,1
CUST-10664,2,100.08,195.71,One-Year,No,No,Yes,1
CUST-10665,3,82.45,258.07,One-Year,No,Yes,Yes,1
CUST-10666,6,53.92,330.75,One-Year,No,Yes,Yes,1
CUST-10667,4,53.01,213.68,Month-to-Month,No,No,No,1
CUST-10668,4,72.41,293.92,One-Year,Yes,No,Yes,1
CUST-10669,8,76.58,583.8,Month-to-Month,No,Yes,Yes,1
CUST-10670,4,69.93,283.02,Month-to-Month,No,Yes,No,0
CUST-10671,54,72.78,3933.86,Two-Year,No,Yes,No,0
CUST-10672,2,107.5,215.98,Month-to-Month,Yes,No,No,1
CUST-10673,17,91.79,1538.49,Month-to-Month,Yes,Yes,No,0
CUST-10674,12,69.77,802.2,Two-Year,No,No,No,0
CUST-10675,72,88.53,6178.69,Month-to-Month,Yes,Yes,Yes,0
CUST-10676,2,39.19,81.91,One-Year,No,No,Yes,0
CUST-10677,12,74.95,891.19,Month-to-Month,Yes,Yes,Yes,0
CUST-10678,72,110.23,7910.12,Month-to-Month,No,Yes,No,0
CUST-10679,48,59.55,2730.55,Month-to-Month,Yes,No,No,0
CUST-10680,40,43.81,1671.36,Month-to-Month,No,Yes,Yes,0
CUST-10681,7,48.7,348.3,Month-to-Month,Yes,Yes,No,0
CUST-10682,4,37.76,151.62,One-Year,No,No,No,1
CUST-10683,26,45.38,1180.91,Month-to-Month,No,No,No,0
CUST-10684,63,55.74,3421.42,Two-Year,Yes,Yes,No,0
CUST-10685,19,29.86,581.23,Month-to-Month,No,No,No,0
CUST-10686,20,65.39,1264.41,Month-to-Month,Yes,No,Yes,1
CUST-10687,7,87.56,593.92,One-Year,Yes,No,Yes,0
CUST-10688,35,42.31,1475.03,Two-Year,No,No,Yes,0
CUST-10689,4,102.98,403.12,Month-to-Month,No,No,Yes,1
CUST-10690,9,77.77,682.25,One-Year,Yes,Yes,Yes,0
CUST-10691,13,90.76,1197.02,Two-Year,Yes,No,No,0
CUST-10692,17,48.55,837.81,Month-to-Month,Yes,Yes,No,0
CUST-10693,6,86.36,534.98,Two-Year,No,Yes,No,0
CUST-10694,2,37.7,74.78,Month-to-Month,Yes,Yes,Yes,0
CUST-10695,22,87.26,1837.76,One-Year,No,Yes,Yes,0
CUST-10696,8,69.3,541.85,Two-Year,No,No,Yes,0
CUST-10697,20,78.83,1652.28,One-Year,Yes,No,Yes,0
CUST-10698,4,35.61,143.81,Month-to-Month,Yes,No,Yes,0
CUST-10699,15,42.62,652.71,Month-to-Month,No,Yes,Yes,0
CUST-10700,18,79.93,1367.86,Two-Year,Yes,Yes,Yes,0
CUST-10701,1,41.29,41.37,Month-to-Month,Yes,No,No,1
CUST-10702,9,76.58,657.35,Month-to-Month,Yes,No,Yes,1
CUST-10703,3,30.82,93.1,One-Year,No,Yes,No,0
CUST-10704,1,86.2,89.83,Month-to-Month,No,Yes,Yes,1
CUST-10705,72,34.19,2576.99,Month-to-Month,Yes,No,No,0
CUST-10706,9,78.81,712.17,Month-to-Month,Yes,Yes,Yes,1
CUST-10707,39,80.64,3131.82,Month-to-Month,No,No,Yes,0
CUST-10708,7,47.58,347.88,One-Year,No,No,Yes,1
CUST-10709,27,79.55,2185.14,One-Year,No,Yes,No,0
CUST-10710,34,71.51,2325.55,Month-to-Month,No,Yes,Yes,0
CUST-10711,21,51.53,1078.42,Two-Year,No,Yes,Yes,0
CUST-10712,15,39.79,581.35,Two-Year,No,Yes,No,1
CUST-10713,12,18.0,215.35,One-Year,Yes,No,Yes,0
CUST-10714,10,73.74,734.12,Month-to-Month,Yes,No,Yes,0
CUST-10715,63,25.88,1643.83,One-Year,No,No,Yes,0
CUST-10716,42,67.38,2789.43,Month-to-Month,No,No,No,1
CUST-10717,72,58.41,4064.33,One-Year,No,Yes,Yes,0
CUST-10718,3,81.98,246.03,One-Year,Yes,No,Yes,1
CUST-10719,31,57.45,1839.76,Month-to-Month,No,No,Yes,0
CUST-10720,66,56.76,3807.6,Two-Year,No,No,Yes,0
CUST-10721,4,83.3,327.81,Month-to-Month,Yes,Yes,No,1
CUST-10722,1,73.38,76.58,One-Year,No,No,Yes,0
CUST-10723,32,72.9,2428.96,Month-to-Month,No,No,Yes,1
CUST-10724,20,76.73,1490.0,Two-Year,No,Yes,Yes,0
CUST-10725,44,26.61,1116.91,Month-to-Month,No,Yes,Yes,0
CUST-10726,3,83.92,257.84,Month-to-Month,No,No,Yes,1
CUST-10727,38,80.31,3151.76,Month-to-Month,No,Yes,Yes,0
CUST-10728,5,39.58,207.16,Month-to-Month,Yes,No,Yes,1
CUST-10729,4,58.9,244.78,Month-to-Month,Yes,No,No,1
CUST-10730,4,64.02,258.65,One-Year,No,No,Yes,1
CUST-10731,40,61.64,2473.01,Month-to-Month,No,No,Yes,0
CUST-10732,26,73.35,1817.05,Month-to-Month,No,No,Yes,0
CUST-10733,17,100.78,1669.86,Month-to-Month,No,Yes,Yes,1
CUST-10734,10,92.04,916.68,Two-Year,Yes,Yes,No,0
CUST-10735,50,32.19,1630.18,One-Year,No,No,Yes,0
CUST-10736,11,80.55,891.12,One-Year,Yes,No,Yes,0
CUST-10737,40,98.22,4024.13,One-Year,No,Yes,No,0
CUST-10738,13,74.67,949.33,Month-to-Month,No,Yes,Yes,0
CUST-10739,11,92.27,1021.56,Month-to-Month,No,No,Yes,1
CUST-10740,14,115.31,1547.85,Month-to-Month,Yes,No,Yes,1
CUST-10741,8,90.59,718.46,Two-Year,Yes,No,Yes,0
CUST-10742,33,71.23,2409.39,Two-Year,No,Yes,No,0
CUST-10743,16,91.13,1486.28,Month-to-Month,No,No,Yes,1
CUST-10744,6,68.62,431.92,Month-to-Month,No,No,Yes,1
CUST-10745,55,65.6,3527.86,Month-to-Month,Yes,No,Yes,0
CUST-10746,11,56.21,618.2,Month-to-Month,No,No,Yes,0
CUST-10747,18,104.09,1841.68,One-Year,No,Yes,No,0
CUST-10748,56,44.54,2479.42,Month-to-Month,Yes,No,Yes,0
CUST-10749,23,103.31,2460.95,Two-Year,No,Yes,No,0
CUST-10750,2,77.5,157.86,Month-to-Month,Yes,Yes,Yes,1
CUST-10751,67,30.02,2088.26,Two-Year,No,No,No,0
CUST-10752,23,74.19,1655.78,One-Year,No,No,Yes,0
CUST-10753,9,18.0,168.05,One-Year,No,No,Yes,0
CUST-10754,3,80.64,231.27,One-Year,No,No,No,1
CUST-10755,37,87.13,3349.09,One-Year,No,Yes,No,0
CUST-10756,23,50.19,1134.64,One-Year,Yes,No,Yes,0
CUST-10757,18,68.09,1202.9,One-Year,No,Yes,Yes,0
CUST-10758,53,113.85,6041.34,One-Year,No,No,Yes,0
CUST-10759,37,52.36,2022.7,Two-Year,Yes,Yes,No,0
CUST-10760,3,38.53,110.36,One-Year,Yes,No,Yes,0
CUST-10761,8,102.04,804.26,One-Year,No,Yes,No,0
CUST-10762,6,114.06,708.76,Two-Year,Yes,No,No,0
CUST-10763,32,65.09,2061.23,Month-to-Month,Yes,No,No,0
CUST-10764,1,90.29,87.57,Month-to-Month,No,No,Yes,1
CUST-10765,20,98.54,1955.98,Month-to-Month,Yes,No,Yes,1
CUST-10766,34,46.44,1560.89,Month-to-Month,No,No,No,0
CUST-10767,50,52.87,2753.32,Two-Year,Yes,No,No,0
CUST-10768,10,95.77,982.79,Month-to-Month,No,No,No,1
CUST-10769,41,107.13,4394.58,One-Year,No,Yes,Yes,0
CUST-10770,2,79.07,165.86,Month-to-Month,No,Yes,No,1
CUST-10771,44,43.0,1885.43,Month-to-Month,Yes,Yes,Yes,0
CUST-10772,3,114.68,328.84,One-Year,No,Yes,Yes,0
CUST-10773,12,51.73,606.0,Two-Year,No,Yes,No,1
CUST-10774,38,56.62,2137.81,Month-to-Month,No,No,Yes,1
CUST-10775,3,73.56,213.11,One-Year,Yes,Yes,No,0
CUST-10776,6,103.85,650.99,One-Year,Yes,Yes,Yes,0
CUST-10777,30,86.35,2659.63,Month-to-Month,No,Yes,Yes,0
CUST-10778,30,75.37,2208.71,Month-to-Month,Yes,No,Yes,1
CUST-10779,24,76.58,1854.61,Two-Year,No,No,Yes,0
CUST-10780,28,66.09,1891.5,Month-to-Month,Yes,Yes,Yes,0
CUST-10781,18,78.95,1483.81,Month-to-Month,No,No,No,0
CUST-10782,6,18.0,112.12,Month-to-Month,No,Yes,No,0
CUST-10783,10,57.58,576.67,One-Year,No,No,Yes,0
CUST-10784,4,71.03,291.92,One-Year,No,No,Yes,1
CUST-10785,57,36.22,2077.37,One-Year,No,Yes,No,0
CUST-10786,21,74.66,1576.12,Month-to-Month,No,No,No,0
CUST-10787,12,59.89,690.99,Two-Year,No,No,No,0
CUST-10788,14,108.89,1467.47,Month-to-Month,No,Yes,No,1
CUST-10789,70,104.33,7324.67,Month-to-Month,No,No,Yes,0
CUST-10790,3,53.35,156.35,Month-to-Month,Yes,Yes,Yes,0
CUST-10791,21,61.23,1224.24,Month-to-Month,No,Yes,Yes,1
CUST-10792,16,63.15,1032.92,Two-Year,Yes,Yes,Yes,0
CUST-10793,22,53.71,1126.38,Two-Year,No,Yes,No,0
CUST-10794,1,69.88,70.55,Month-to-Month,No,Yes,Yes,1
CUST-10795,49,46.04,2264.8,Two-Year,No,No,No,0
CUST-10796,64,36.73,2460.93,One-Year,No,Yes,No,0
CUST-10797,19,80.57,1528.41,Two-Year,No,Yes,No,0
CUST-10798,28,80.74,2162.06,Month-to-Month,Yes,No,No,0
CUST-10799,61,44.89,2752.44,One-Year,No,No,Yes,0
CUST-10800,29,87.38,2620.45,Month-to-Month,Yes,No,No,0
CUST-10801,3,49.21,154.96,Two-Year,No,No,Yes,1
CUST-10802,20,71.33,1416.66,Month-to-Month,Yes,No,Yes,0
CUST-10803,22,85.51,1847.41,One-Year,Yes,No,No,0
CUST-10804,13,64.16,868.0,Month-to-Month,No,No,Yes,1
CUST-10805,32,76.37,2368.38,Month-to-Month,Yes,No,No,0
CUST-10806,65,52.09,3424.93,One-Year,No,Yes,No,0
CUST-10807,62,60.09,3690.45,Two-Year,Yes,Yes,No,0
CUST-10808,14,59.85,799.45,One-Year,No,No,Yes,0
CUST-10809,2,46.34,91.26,Two-Year,No,Yes,No,0
CUST-10810,72,60.58,4259.36,Month-to-Month,Yes,Yes,Yes,0
CUST-10811,43,26.28,1151.07,Month-to-Month,Yes,No,No,0
CUST-10812,3,52.72,165.26,Month-to-Month,No,No,Yes,0
CUST-10813,60,57.88,3392.25,Month-to-Month,Yes,Yes,No,0
CUST-10814,48,58.6,2900.41,One-Year,No,No,Yes,0
CUST-10815,17,58.96,957.75,One-Year,Yes,No,Yes,1
CUST-10816,21,63.46,1337.74,One-Year,Yes,No,Yes,1
CUST-10817,12,76.99,884.2,One-Year,No,No,Yes,1
CUST-10818,1,86.86,90.63,One-Year,Yes,No,No,0
CUST-10819,9,48.76,450.53,Month-to-Month,No,No,Yes,1
CUST-10820,38,34.92,1347.92,Month-to-Month,Yes,Yes,Yes,0
CUST-10821,1,38.95,40.21,One-Year,Yes,No,Yes,0
CUST-10822,9,52.82,482.39,Month-to-Month,No,No,Yes,0
CUST-10823,12,56.2,706.03,Month-to-Month,No,No,Yes,0
CUST-10824,18,45.75,841.12,Month-to-Month,No,No,No,1
CUST-10825,60,32.6,2039.06,One-Year,Yes,Yes,Yes,0
CUST-10826,10,53.6,536.92,Month-to-Month,No,No,Yes,0
CUST-10827,10,69.54,668.77,One-Year,No,Yes,Yes,0
CUST-10828,32,79.88,2563.36,One-Year,Yes,Yes,Yes,0
CUST-10829,14,51.06,688.17,Month-to-Month,No,Yes,Yes,1
CUST-10830,6,54.68,331.11,One-Year,No,Yes,Yes,0
CUST-10831,14,41.83,584.59,One-Year,Yes,No,No,0
CUST-10832,3,64.21,194.99,One-Year,No,Yes,Yes,1
CUST-10833,4,43.79,166.58,One-Year,No,Yes,Yes,0
CUST-10834,16,79.33,1230.55,Month-to-Month,Yes,No,Yes,0
CUST-10835,13,20.35,264.32,One-Year,No,Yes,No,0
CUST-10836,59,56.01,3453.46,Month-to-Month,Yes,Yes,No,0
CUST-10837,10,72.53,716.86,Two-Year,No,Yes,Yes,0
CUST-10838,20,69.6,1381.47,Two-Year,No,Yes,No,0
CUST-10839,24,120.0,2941.83,One-Year,No,Yes,Yes,1
CUST-10840,1,73.75,74.52,Month-to-Month,No,Yes,Yes,1
CUST-10841,26,39.9,1016.54,Month-to-Month,Yes,No,Yes,1
CUST-10842,4,62.61,248.21,Month-to-Month,No,Yes,Yes,0
CUST-10843,72,20.59,1440.63,Month-to-Month,No,Yes,Yes,0
CUST-10844,3,62.99,197.78,Month-to-Month,No,No,Yes,0
CUST-10845,12,44.17,510.46,Month-to-Month,No,Yes,Yes,1
CUST-10846,2,87.88,173.51,Month-to-Month,Yes,No,Yes,1
CUST-10847,72,51.26,3515.72,Two-Year,Yes,No,Yes,0
CUST-10848,16,62.08,965.64,Month-to-Month,Yes,Yes,Yes,0
CUST-10849,21,49.11,1060.24,Two-Year,No,No,No,0
CUST-10850,1,108.47,105.23,Two-Year,Yes,Yes,Yes,0
CUST-10851,33,56.97,1801.06,Month-to-Month,No,Yes,No,1
CUST-10852,5,110.81,552.63,One-Year,No,No,No,1
CUST-10853,54,85.35,4383.05,Month-to-Month,Yes,No,Yes,1
CUST-10854,5,77.05,369.25,One-Year,No,No,Yes,0
CUST-10855,5,74.22,382.52,Month-to-Month,No,No,Yes,1
CUST-10856,1,74.84,76.87,Month-to-Month,No,Yes,Yes,0
CUST-10857,15,18.0,281.21,One-Year,Yes,No,Yes,0
CUST-10858,19,58.03,1141.66,Month-to-Month,Yes,No,Yes,1
CUST-10859,1,86.13,87.71,One-Year,Yes,No,Yes,1
CUST-10860,35,63.78,2132.37,Month-to-Month,Yes,No,No,0
CUST-10861,14,29.87,430.01,Month-to-Month,No,No,Yes,0
CUST-10862,17,63.69,1120.14,Month-to-Month,No,Yes,No,1
CUST-10863,13,107.6,1440.64,Month-to-Month,Yes,No,Yes,1
CUST-10864,12,96.17,1155.02,Month-to-Month,No,Yes,No,1
CUST-10865,19,63.45,1173.35,Month-to-Month,No,Yes,Yes,1
CUST-10866,4,88.79,367.42,Month-to-Month,Yes,No,Yes,1
CUST-10867,4,55.84,228.43,Two-Year,Yes,Yes,No,0
CUST-10868,47,22.4,1103.41,Month-to-Month,No,No,No,0
CUST-10869,70,41.89,2831.34,One-Year,No,Yes,Yes,0
CUST-10870,11,104.07,1113.36,Month-to-Month,No,No,Yes,1
CUST-10871,7,58.15,395.32,Two-Year,Yes,Yes,No,0
CUST-10872,24,58.92,1455.45,Month-to-Month,Yes,Yes,No,0
CUST-10873,12,57.5,668.4,Month-to-Month,Yes,Yes,Yes,0
CUST-10874,1,112.6,107.72,Month-to-Month,No,No,Yes,1
CUST-10875,4,105.65,443.67,Month-to-Month,No,Yes,No,1
CUST-10876,30,120.0,3428.93,One-Year,Yes,No,Yes,1
CUST-10877,25,61.02,1576.64,Month-to-Month,No,Yes,No,0
CUST-10878,1,72.39,71.42,Two-Year,No,Yes,Yes,1
CUST-10879,6,27.08,168.03,Month-to-Month,No,Yes,No,1
CUST-10880,6,101.92,614.86,Month-to-Month,No,Yes,No,0
CUST-10881,26,35.81,968.45,One-Year,Yes,No,No,0
CUST-10882,1,70.42,73.42,Month-to-Month,No,No,Yes,0
CUST-10883,2,37.57,71.45,Two-Year,Yes,Yes,Yes,0
CUST-10884,38,50.28,1829.52,Month-to-Month,Yes,No,Yes,0
CUST-10885,4,44.07,171.88,One-Year,No,No,No,0
CUST-10886,25,49.8,1266.08,Month-to-Month,No,Yes,No,0
CUST-10887,6,51.52,321.12,Two-Year,No,Yes,Yes,0
CUST-10888,2,51.29,102.17,One-Year,No,No,No,0
CUST-10889,6,85.83,520.49,Month-to-Month,No,Yes,No,1
CUST-10890,30,37.38,1086.47,Month-to-Month,No,Yes,Yes,0
CUST-10891,46,70.51,3342.37,Month-to-Month,Yes,Yes,Yes,0
CUST-10892,42,95.45,4196.25,Two-Year,No,No,No,0
CUST-10893,12,52.17,611.55,Month-to-Month,No,Yes,Yes,0
CUST-10894,26,47.05,1222.67,Month-to-Month,No,Yes,No,0
CUST-10895,5,59.24,283.94,Month-to-Month,No,Yes,Yes,1
CUST-10896,8,94.49,760.39,Month-to-Month,No,Yes,No,1
CUST-10897,54,69.85,3772.95,One-Year,No,Yes,Yes,0
CUST-10898,1,51.72,49.88,Two-Year,No,No,Yes,0
CUST-10899,2,77.1,153.31,Month-to-Month,No,Yes,Yes,1
CUST-10900,5,37.44,184.09,Two-Year,Yes,No,Yes,0
CUST-10901,1,82.03,82.21,Month-to-Month,No,Yes,Yes,1
CUST-10902,4,75.22,303.46,Month-to-Month,No,No,Yes,0
CUST-10903,20,57.3,1089.67,Month-to-Month,No,No,No,0
CUST-10904,13,44.04,587.46,One-Year,No,Yes,No,0
CUST-10905,53,42.83,2318.34,Two-Year,No,No,Yes,0
CUST-10906,40,78.37,3092.88,Two-Year,No,No,No,0
CUST-10907,10,95.72,914.41,Month-to-Month,No,No,Yes,1
CUST-10908,7,49.07,352.25,Month-to-Month,Yes,Yes,No,1
CUST-10909,11,76.46,879.34,Month-to-Month,No,No,No,0
CUST-10910,21,18.0,368.18,Two-Year,No,No,Yes,0
CUST-10911,7,50.38,346.44,Two-Year,Yes,No,No,0
CUST-10912,23,64.22,1430.36,One-Year,No,No,No,0
CUST-10913,12,42.26,511.02,Month-to-Month,No,No,Yes,1
CUST-10914,19,41.59,762.94,Month-to-Month,No,No,No,1
CUST-10915,13,48.31,619.0,Month-to-Month,Yes,No,No,1
CUST-10916,8,72.3,589.8,Month-to-Month,Yes,No,Yes,1
CUST-10917,71,60.32,4308.47,Month-to-Month,No,Yes,No,0
CUST-10918,34,18.0,605.05,Month-to-Month,Yes,No,No,0
CUST-10919,3,18.0,53.57,Month-to-Month,No,Yes,Yes,1
CUST-10920,48,49.83,2406.7,Two-Year,Yes,No,Yes,0
CUST-10921,16,76.44,1162.61,One-Year,No,Yes,Yes,0
CUST-10922,53,18.0,913.79,Month-to-Month,Yes,Yes,No,0
CUST-10923,38,52.51,2071.46,Month-to-Month,Yes,No,No,0
CUST-10924,13,51.84,645.47,Month-to-Month,No,Yes,Yes,0
CUST-10925,1,99.71,101.77,One-Year,Yes,No,No,0
CUST-10926,7,55.37,403.87,One-Year,No,No,No,0
CUST-10927,18,74.57,1311.48,One-Year,No,Yes,No,1
CUST-10928,24,68.53,1623.42,One-Year,No,Yes,Yes,1
CUST-10929,7,18.0,126.87,Month-to-Month,No,No,Yes,0
CUST-10930,3,84.21,262.27,Month-to-Month,Yes,Yes,No,1
CUST-10931,43,70.38,3160.08,Month-to-Month,Yes,No,Yes,0
CUST-10932,72,77.71,5729.16,Month-to-Month,No,No,No,0
CUST-10933,17,120.0,1955.67,One-Year,No,Yes,No,0
CUST-10934,4,18.0,73.22,Month-to-Month,No,Yes,Yes,0
CUST-10935,7,108.12,750.05,Month-to-Month,No,No,No,1
CUST-10936,1,57.81,57.64,Month-to-Month,No,No,Yes,1
CUST-10937,58,72.18,3997.69,Two-Year,Yes,Yes,Yes,0
CUST-10938,3,63.86,185.66,Month-to-Month,No,Yes,Yes,0
CUST-10939,20,54.39,1119.4,One-Year,No,No,Yes,0
CUST-10940,7,50.75,353.61,Month-to-Month,No,No,Yes,1
CUST-10941,19,73.24,1363.96,Month-to-Month,No,Yes,No,0
CUST-10942,25,27.07,668.9,Month-to-Month,Yes,Yes,No,0
CUST-10943,42,83.76,3642.59,One-Year,Yes,No,Yes,0
CUST-10944,5,54.6,279.8,Month-to-Month,No,No,No,1
CUST-10945,1,36.75,35.91,Two-Year,No,No,Yes,0
CUST-10946,3,53.75,155.08,Month-to-Month,No,No,Yes,0
CUST-10947,55,96.43,5172.12,Month-to-Month,Yes,No,No,0
CUST-10948,49,51.62,2635.81,Two-Year,Yes,No,No,0
CUST-10949,21,73.96,1565.83,Month-to-Month,No,No,No,0
CUST-10950,22,46.73,1031.5,One-Year,Yes,No,Yes,0
CUST-10951,26,83.95,2203.74,One-Year,No,No,No,1
CUST-10952,4,82.14,324.16,Month-to-Month,No,Yes,No,1
CUST-10953,58,111.22,6648.87,One-Year,No,Yes,No,0
CUST-10954,13,60.61,789.76,Month-to-Month,Yes,No,Yes,0
CUST-10955,11,81.72,864.47,Month-to-Month,No,Yes,Yes,1
CUST-10956,17,67.45,1104.12,Month-to-Month,Yes,No,No,1
CUST-10957,1,97.4,97.76,Two-Year,Yes,Yes,No,1
CUST-10958,4,47.03,196.33,Month-to-Month,Yes,No,Yes,0
CUST-10959,32,83.63,2624.87,One-Year,Yes,Yes,Yes,0
CUST-10960,2,60.13,124.7,Two-Year,No,No,Yes,0
CUST-10961,22,63.4,1431.64,Month-to-Month,Yes,No,Yes,0
CUST-10962,6,67.29,393.56,Month-to-Month,Yes,Yes,Yes,0
CUST-10963,11,71.31,748.04,Month-to-Month,No,No,Yes,1
CUST-10964,8,62.09,476.94,Month-to-Month,Yes,Yes,Yes,0
CUST-10965,10,70.37,719.78,Month-to-Month,No,Yes,Yes,1
CUST-10966,30,104.45,3039.39,One-Year,Yes,Yes,Yes,0
CUST-10967,8,89.64,707.89,Two-Year,Yes,Yes,Yes,0
CUST-10968,20,86.73,1734.89,Two-Year,No,No,Yes,0
CUST-10969,15,53.61,822.28,Two-Year,Yes,Yes,No,0
CUST-10970,26,42.77,1069.01,Two-Year,No,No,Yes,0
CUST-10971,66,88.88,5811.15,Month-to-Month,Yes,Yes,No,1
CUST-10972,31,86.9,2689.88,One-Year,Yes,No,Yes,0
CUST-10973,5,101.82,511.18,Two-Year,Yes,Yes,No,0
CUST-10974,1,49.9,51.49,Month-to-Month,Yes,No,Yes,0
CUST-10975,7,59.26,401.2,Two-Year,Yes,No,Yes,0
CUST-10976,21,24.01,519.73,Month-to-Month,No,No,Yes,0
CUST-10977,1,55.19,56.25,One-Year,No,Yes,No,0
CUST-10978,16,89.91,1446.6,One-Year,Yes,No,Yes,0
CUST-10979,21,53.34,1142.49,Two-Year,No,Yes,Yes,0
CUST-10980,9,81.01,722.68,Month-to-Month,No,Yes,Yes,1
CUST-10981,35,60.24,2032.16,One-Year,No,Yes,No,0
CUST-10982,2,73.1,148.62,Month-to-Month,No,Yes,Yes,1
CUST-10983,1,36.31,36.4,Month-to-Month,No,No,Yes,0
CUST-10984,31,67.13,2110.03,One-Year,Yes,No,Yes,0
CUST-10985,16,18.0,283.33,One-Year,Yes,Yes,Yes,0
CUST-10986,27,60.33,1695.18,One-Year,No,Yes,No,0
CUST-10987,13,24.24,317.87,Month-to-Month,No,Yes,Yes,1
CUST-10988,6,95.15,547.23,Month-to-Month,No,No,Yes,0
CUST-10989,41,84.44,3444.66,One-Year,No,No,No,0
CUST-10990,38,76.67,2988.15,Month-to-Month,No,Yes,No,0
CUST-10991,28,103.03,2969.69,Month-to-Month,No,No,Yes,0
CUST-10992,7,41.28,288.8,Two-Year,No,No,No,0
CUST-10993,21,108.68,2372.37,Month-to-Month,No,No,Yes,1
CUST-10994,10,88.3,862.49,One-Year,Yes,No,Yes,1
CUST-10995,2,59.09,117.12,Month-to-Month,Yes,No,No,1
CUST-10996,59,93.39,5729.64,Month-to-Month,Yes,No,No,0
CUST-10997,3,37.34,116.46,Month-to-Month,No,Yes,Yes,0
CUST-10998,72,44.39,3255.44,Month-to-Month,Yes,Yes,Yes,0
CUST-10999,14,49.79,722.08,Month-to-Month,No,Yes,Yes,0
CUST-11000,4,51.78,198.6,Month-to-Month,Yes,No,Yes,0
CUST-11001,18,38.59,719.97,Month-to-Month,No,No,Yes,0
CUST-11002,49,95.58,4599.41,Month-to-Month,Yes,Yes,Yes,1
CUST-11003,31,58.53,1756.07,Month-to-Month,Yes,Yes,No,0
CUST-11004,39,73.81,2803.57,Month-to-Month,No,No,No,0
CUST-11005,25,50.74,1258.09,Month-to-Month,No,No,Yes,1
CUST-11006,28,19.48,531.87,Two-Year,No,No,Yes,0
CUST-11007,45,71.75,3170.82,One-Year,No,No,Yes,0
CUST-11008,6,18.0,104.06,One-Year,Yes,No,Yes,1
CUST-11009,16,63.28,991.84,Month-to-Month,Yes,Yes,Yes,1
CUST-11010,6,30.79,186.08,Two-Year,No,Yes,No,0
CUST-11011,72,114.68,8208.95,One-Year,No,Yes,Yes,0
CUST-11012,69,87.78,5963.98,One-Year,No,No,No,0
CUST-11013,1,67.64,69.31,Month-to-Month,No,Yes,No,1
CUST-11014,29,96.59,2911.34,Two-Year,No,No,Yes,0
CUST-11015,62,43.84,2787.88,Two-Year,Yes,No,Yes,0
CUST-11016,4,78.59,309.08,Two-Year,No,Yes,No,1
CUST-11017,20,70.0,1434.22,Month-to-Month,No,No,No,1
CUST-11018,59,71.6,4077.38,Month-to-Month,No,Yes,No,1
CUST-11019,1,96.81,93.23,Month-to-Month,Yes,Yes,Yes,0
CUST-11020,28,83.31,2296.67,Month-to-Month,Yes,No,Yes,0
CUST-11021,8,72.22,595.54,Two-Year,Yes,Yes,Yes,0
CUST-11022,61,23.63,1404.87,Month-to-Month,Yes,No,No,0
CUST-11023,72,41.0,2823.07,Month-to-Month,No,No,No,0
CUST-11024,69,61.93,4115.79,Month-to-Month,Yes,No,No,0
CUST-11025,15,67.33,1046.18,Month-to-Month,Yes,No,Yes,1
CUST-11026,47,36.74,1749.88,Month-to-Month,Yes,Yes,No,0
CUST-11027,44,120.0,5149.69,One-Year,No,No,Yes,1
CUST-11028,9,102.91,931.31,One-Year,No,Yes,Yes,0
CUST-11029,42,80.05,3371.37,Month-to-Month,Yes,Yes,Yes,0
CUST-11030,1,66.8,67.84,Month-to-Month,Yes,Yes,No,0
CUST-11031,21,59.69,1220.05,Month-to-Month,Yes,Yes,No,0
CUST-11032,6,41.2,256.21,Month-to-Month,No,No,Yes,0
CUST-11033,3,66.94,196.99,One-Year,Yes,Yes,No,0
CUST-11034,1,71.44,72.83,One-Year,No,No,Yes,0
CUST-11035,28,33.96,904.87,One-Year,No,Yes,Yes,0
CUST-11036,9,73.35,651.74,One-Year,Yes,No,Yes,0
CUST-11037,30,61.12,1806.41,Month-to-Month,No,No,Yes,0
CUST-11038,1,18.0,18.08,Two-Year,Yes,Yes,Yes,0
CUST-11039,9,43.49,374.69,Two-Year,No,No,Yes,0
CUST-11040,18,54.66,1012.43,Two-Year,Yes,Yes,No,0
CUST-11041,37,112.19,4033.88,Month-to-Month,No,Yes,Yes,0
CUST-11042,9,78.91,722.76,Two-Year,No,No,No,0
CUST-11043,23,31.61,749.07,Two-Year,No,No,Yes,0
CUST-11044,52,77.15,4036.62,Two-Year,Yes,Yes,No,0
CUST-11045,22,26.32,592.99,Month-to-Month,Yes,Yes,No,0
CUST-11046,6,92.07,561.36,One-Year,No,Yes,No,1
CUST-11047,1,53.22,52.45,Two-Year,No,No,Yes,0
CUST-11048,48,62.66,3100.57,One-Year,No,No,No,0
CUST-11049,1,98.14,96.13,One-Year,Yes,No,Yes,1
CUST-11050,49,32.82,1619.63,Two-Year,Yes,No,No,0
CUST-11051,18,30.07,554.54,Month-to-Month,No,No,Yes,1
CUST-11052,67,50.41,3336.59,One-Year,Yes,No,Yes,0
CUST-11053,38,90.96,3388.31,Month-to-Month,Yes,No,Yes,1
CUST-11054,72,27.02,1937.53,Two-Year,Yes,No,No,0
CUST-11055,10,18.0,185.72,Month-to-Month,No,No,Yes,0
CUST-11056,34,53.72,1905.0,Month-to-Month,No,No,No,0
CUST-11057,12,78.79,949.74,One-Year,No,No,No,0
CUST-11058,15,95.01,1448.16,One-Year,Yes,No,No,0
CUST-11059,23,53.42,1278.21,One-Year,No,Yes,Yes,0
CUST-11060,49,54.71,2573.17,Two-Year,No,Yes,No,0
CUST-11061,72,93.85,6576.16,Two-Year,Yes,No,Yes,0
CUST-11062,35,18.26,652.45,Month-to-Month,No,Yes,Yes,0
CUST-11063,12,55.29,684.96,Month-to-Month,No,No,No,1
CUST-11064,13,69.76,939.26,Month-to-Month,Yes,Yes,No,0
CUST-11065,32,76.23,2418.65,Month-to-Month,No,Yes,No,1
CUST-11066,6,52.25,300.63,Month-to-Month,Yes,Yes,Yes,0
CUST-11067,2,65.86,130.9,Two-Year,No,Yes,Yes,0
CUST-11068,10,18.0,175.15,Two-Year,Yes,Yes,Yes,0
CUST-11069,8,48.54,380.21,Month-to-Month,Yes,No,Yes,1
CUST-11070,8,76.34,627.35,Month-to-Month,Yes,No,Yes,1
CUST-11071,6,40.44,232.34,One-Year,No,No,Yes,0
CUST-11072,1,66.47,68.65,Month-to-Month,No,Yes,No,0
CUST-11073,1,76.17,75.62,Month-to-Month,No,No,No,0
CUST-11074,72,56.44,4102.72,Two-Year,No,No,No,0
CUST-11075,13,69.26,863.43,Two-Year,No,No,No,1
CUST-11076,11,40.93,442.91,Month-to-Month,Yes,No,Yes,0
CUST-11077,27,59.83,1549.13,Two-Year,No,Yes,Yes,0
CUST-11078,5,80.26,419.82,Month-to-Month,Yes,Yes,No,1
CUST-11079,71,68.92,5043.67,One-Year,Yes,Yes,Yes,0
CUST-11080,37,50.34,1855.06,Month-to-Month,No,Yes,Yes,0
CUST-11081,2,70.61,137.32,Month-to-Month,Yes,No,Yes,1
CUST-11082,12,82.87,1037.54,Two-Year,Yes,Yes,Yes,0
CUST-11083,50,18.0,886.01,Month-to-Month,No,No,No,0
CUST-11084,69,93.98,6264.78,One-Year,No,No,No,0
CUST-11085,15,56.59,854.21,Month-to-Month,No,No,No,1
CUST-11086,22,75.64,1737.93,Month-to-Month,No,No,Yes,1
CUST-11087,4,94.93,360.88,Month-to-Month,No,Yes,Yes,1
CUST-11088,72,30.71,2153.22,Month-to-Month,No,No,No,0
CUST-11089,6,47.26,295.99,One-Year,Yes,Yes,Yes,0
CUST-11090,68,57.79,3800.47,Month-to-Month,Yes,No,Yes,0
CUST-11091,25,45.41,1091.34,One-Year,No,No,No,1
CUST-11092,22,108.37,2400.87,One-Year,Yes,No,No,0
CUST-11093,17,43.58,767.67,One-Year,No,Yes,No,0
CUST-11094,6,51.11,305.96,Month-to-Month,No,No,Yes,0
CUST-11095,4,70.11,294.31,Two-Year,Yes,Yes,Yes,0
CUST-11096,5,34.95,177.88,Month-to-Month,Yes,Yes,No,0
CUST-11097,4,55.11,211.05,Month-to-Month,Yes,No,Yes,1
CUST-11098,36,72.94,2755.25,Month-to-Month,Yes,Yes,No,0
CUST-11099,10,56.68,561.58,Month-to-Month,Yes,No,Yes,0
CUST-11100,1,62.67,61.34,Month-to-Month,No,Yes,No,0
CUST-11101,72,51.77,3749.01,One-Year,No,No,No,0
CUST-11102,51,27.14,1357.05,Month-to-Month,No,No,Yes,0
CUST-11103,63,73.04,4411.23,Month-to-Month,Yes,No,Yes,0
CUST-11104,72,108.87,7447.83,One-Year,Yes,No,No,0
CUST-11105,4,65.46,260.52,Month-to-Month,No,No,No,1
CUST-11106,12,70.63,876.11,Month-to-Month,No,Yes,Yes,0
CUST-11107,34,82.32,2819.12,Month-to-Month,No,No,No,1
CUST-11108,28,33.27,978.06,One-Year,No,Yes,Yes,0
CUST-11109,4,107.56,421.07,Month-to-Month,No,Yes,Yes,1
CUST-11110,40,70.06,2740.87,Month-to-Month,No,Yes,Yes,0
CUST-11111,6,105.8,613.2,Month-to-Month,Yes,No,No,0
CUST-11112,6,46.67,270.61,One-Year,No,No,Yes,1
CUST-11113,18,110.45,1945.39,One-Year,Yes,No,Yes,1
CUST-11114,21,84.38,1823.87,Two-Year,No,No,No,0
CUST-11115,20,78.83,1640.57,Month-to-Month,No,Yes,Yes,0
CUST-11116,2,70.85,148.43,Month-to-Month,Yes,No,Yes,1
CUST-11117,50,58.79,2860.81,Month-to-Month,Yes,Yes,Yes,0
CUST-11118,7,95.01,690.43,Month-to-Month,Yes,No,No,0
CUST-11119,3,68.51,202.0,Month-to-Month,Yes,Yes,Yes,0
CUST-11120,52,18.0,899.76,Month-to-Month,Yes,No,No,0
CUST-11121,72,37.07,2767.8,Month-to-Month,Yes,Yes,No,0
CUST-11122,47,60.35,2875.06,One-Year,Yes,Yes,No,0
CUST-11123,39,72.75,2742.13,Month-to-Month,Yes,Yes,No,0
CUST-11124,25,63.59,1578.59,One-Year,No,Yes,Yes,0
CUST-11125,19,95.47,1775.34,Month-to-Month,Yes,Yes,Yes,0
CUST-11126,2,18.0,36.85,Month-to-Month,Yes,Yes,No,0
CUST-11127,12,68.59,819.25,Month-to-Month,No,No,No,1
CUST-11128,11,19.55,225.57,Month-to-Month,No,No,Yes,1
CUST-11129,7,83.99,561.75,Month-to-Month,No,No,Yes,1
CUST-11130,30,62.64,1851.95,Month-to-Month,Yes,No,Yes,0
CUST-11131,16,75.49,1205.65,Two-Year,No,No,Yes,0
CUST-11132,2,43.4,86.83,One-Year,No,No,Yes,0
CUST-11133,5,96.99,476.02,Month-to-Month,No,No,Yes,1
CUST-11134,27,91.04,2514.43,Two-Year,No,Yes,Yes,0
CUST-11135,1,79.59,82.57,One-Year,No,No,Yes,0
CUST-11136,45,61.76,2901.13,One-Year,No,Yes,Yes,0
CUST-11137,16,79.5,1310.81,Two-Year,No,No,No,0
CUST-11138,15,47.33,734.84,Month-to-Month,No,No,No,0
CUST-11139,21,86.39,1823.36,Month-to-Month,No,Yes,No,0
CUST-11140,41,106.24,4497.79,Month-to-Month,No,No,Yes,0
CUST-11141,10,91.77,899.67,Month-to-Month,Yes,Yes,Yes,0
CUST-11142,27,46.76,1249.7,Month-to-Month,No,Yes,No,0
CUST-11143,20,74.04,1453.69,One-Year,Yes,Yes,No,0
CUST-11144,7,32.67,227.94,Two-Year,No,No,Yes,0
CUST-11145,50,79.31,3880.47,Two-Year,No,No,Yes,0
CUST-11146,38,76.27,3032.05,Two-Year,Yes,No,Yes,0
CUST-11147,25,18.25,447.71,Two-Year,No,Yes,Yes,0
CUST-11148,45,35.96,1553.16,Two-Year,Yes,No,Yes,0
CUST-11149,48,57.92,2787.62,Month-to-Month,Yes,No,No,0
CUST-11150,29,57.48,1593.09,Month-to-Month,Yes,Yes,Yes,0
CUST-11151,43,34.76,1436.47,Month-to-Month,Yes,No,No,0
CUST-11152,28,74.72,2033.45,Two-Year,Yes,Yes,No,0
CUST-11153,27,71.29,1917.97,Month-to-Month,No,Yes,No,1
CUST-11154,23,60.14,1373.99,One-Year,No,No,No,0
CUST-11155,33,46.11,1567.23,Month-to-Month,Yes,No,No,0
CUST-11156,4,91.22,373.62,Month-to-Month,No,Yes,Yes,1
CUST-11157,51,106.39,5385.91,One-Year,Yes,Yes,No,0
CUST-11158,49,52.91,2549.48,Month-to-Month,Yes,Yes,No,0
CUST-11159,1,49.7,48.79,Month-to-Month,Yes,Yes,Yes,0
CUST-11160,41,77.28,3255.29,Month-to-Month,No,Yes,No,0
CUST-11161,3,56.05,160.62,Month-to-Month,No,Yes,No,0
CUST-11162,9,61.52,526.71,One-Year,Yes,No,No,1
CUST-11163,32,83.49,2750.64,Month-to-Month,Yes,Yes,Yes,0
CUST-11164,4,18.0,71.84,One-Year,Yes,No,Yes,0
CUST-11165,40,97.96,3773.76,Month-to-Month,No,No,Yes,0
CUST-11166,42,66.82,2732.23,Two-Year,No,Yes,Yes,1
CUST-11167,16,54.71,913.22,Month-to-Month,Yes,Yes,Yes,0
CUST-11168,1,62.77,65.03,One-Year,No,No,Yes,0
CUST-11169,8,64.06,523.23,One-Year,Yes,Yes,No,0
CUST-11170,23,21.72,498.67,Month-to-Month,No,Yes,Yes,0
CUST-11171,72,102.37,7385.62,Two-Year,No,Yes,Yes,0
CUST-11172,23,66.03,1590.86,One-Year,No,No,Yes,0
CUST-11173,7,76.08,557.37,Month-to-Month,No,No,Yes,1
CUST-11174,24,88.79,2070.28,Month-to-Month,No,No,Yes,1
CUST-11175,18,39.47,732.56,Two-Year,Yes,No,Yes,0
CUST-11176,36,76.84,2682.49,One-Year,Yes,Yes,Yes,1
CUST-11177,2,58.31,113.28,Month-to-Month,No,Yes,Yes,1
CUST-11178,34,86.17,2981.37,Month-to-Month,Yes,Yes,Yes,1
CUST-11179,18,18.0,320.92,Two-Year,Yes,Yes,Yes,0
CUST-11180,72,62.52,4695.7,One-Year,No,Yes,Yes,0
CUST-11181,10,49.93,478.78,One-Year,No,Yes,Yes,0
CUST-11182,24,75.81,1821.54,Month-to-Month,No,Yes,Yes,0
CUST-11183,64,76.75,5117.58,One-Year,No,Yes,No,0
CUST-11184,2,47.31,98.44,Month-to-Month,No,Yes,No,0
CUST-11185,66,47.2,3008.2,Month-to-Month,Yes,No,Yes,0
CUST-11186,27,62.23,1657.8,One-Year,No,No,Yes,0
CUST-11187,1,42.58,43.09,Two-Year,No,No,No,0
CUST-11188,8,86.05,664.95,Month-to-Month,Yes,Yes,Yes,0
CUST-11189,29,55.77,1693.02,Month-to-Month,Yes,No,No,0
CUST-11190,1,18.0,18.75,One-Year,Yes,Yes,No,0
CUST-11191,20,55.63,1075.54,Month-to-Month,No,Yes,No,0
CUST-11192,10,39.04,375.61,Two-Year,No,Yes,No,0
CUST-11193,23,24.22,533.96,One-Year,No,No,No,0
CUST-11194,1,34.06,35.45,Month-to-Month,No,No,No,1
CUST-11195,49,67.74,3217.57,Two-Year,Yes,Yes,No,0
CUST-11196,72,98.22,7012.64,One-Year,No,Yes,No,0
CUST-11197,72,72.83,5216.94,Two-Year,No,Yes,No,0
CUST-11198,33,49.84,1661.0,One-Year,Yes,Yes,Yes,0
CUST-11199,3,76.4,219.38,Two-Year,No,Yes,Yes,0
CUST-11200,34,53.52,1769.96,Month-to-Month,Yes,Yes,No,1
CUST-11201,1,47.63,49.69,Month-to-Month,No,No,Yes,1
CUST-11202,1,36.14,37.62,Two-Year,No,Yes,No,1
CUST-11203,9,21.2,196.17,Month-to-Month,No,Yes,No,0
CUST-11204,16,55.25,841.52,Month-to-Month,No,Yes,No,0
CUST-11205,35,68.95,2371.5,One-Year,Yes,Yes,No,0
CUST-11206,27,62.58,1711.28,Two-Year,No,No,No,0
CUST-11207,14,54.6,747.22,Month-to-Month,Yes,Yes,Yes,0
CUST-11208,7,41.36,301.38,Two-Year,No,No,No,0
CUST-11209,72,80.21,5852.44,One-Year,No,No,Yes,0
CUST-11210,13,32.07,399.06,Month-to-Month,No,No,Yes,1
CUST-11211,14,84.4,1229.93,Two-Year,Yes,No,Yes,0
CUST-11212,4,39.94,167.07,Month-to-Month,No,No,Yes,0
CUST-11213,38,46.19,1681.1,Month-to-Month,No,No,Yes,0
CUST-11214,28,28.33,795.81,Month-to-Month,No,Yes,Yes,0
CUST-11215,5,52.46,257.14,Month-to-Month,Yes,No,No,1
CUST-11216,2,89.38,176.84,Month-to-Month,Yes,No,No,0
CUST-11217,27,77.89,2035.66,Two-Year,Yes,No,Yes,0
CUST-11218,25,89.46,2253.96,One-Year,No,No,Yes,0
CUST-11219,7,78.05,571.37,One-Year,No,No,No,1
CUST-11220,72,37.41,2694.35,One-Year,No,No,No,0
CUST-11221,3,56.73,163.09,Month-to-Month,Yes,No,No,0
CUST-11222,13,45.5,598.6,Month-to-Month,Yes,No,Yes,0
CUST-11223,69,98.26,6671.61,Two-Year,No,No,No,0
CUST-11224,13,35.08,472.27,Month-to-Month,No,No,Yes,0
CUST-11225,24,87.34,2082.47,Month-to-Month,No,No,No,1
CUST-11226,12,87.32,1015.65,One-Year,No,No,Yes,0
CUST-11227,7,110.74,751.24,Month-to-Month,No,No,Yes,1
CUST-11228,72,54.76,4048.69,Two-Year,No,Yes,Yes,0
CUST-11229,12,82.81,970.43,Month-to-Month,No,Yes,Yes,0
CUST-11230,53,120.0,6529.96,Month-to-Month,No,No,Yes,0
CUST-11231,6,49.56,288.61,Month-to-Month,Yes,No,No,1
CUST-11232,5,26.62,130.73,One-Year,Yes,Yes,No,0
CUST-11233,1,18.0,17.94,Month-to-Month,Yes,Yes,Yes,0
CUST-11234,25,82.82,2162.26,Month-to-Month,No,No,Yes,0
CUST-11235,11,18.0,206.55,Two-Year,Yes,No,Yes,0
CUST-11236,47,55.69,2540.71,Two-Year,Yes,No,No,0
CUST-11237,15,75.93,1122.8,Month-to-Month,Yes,No,Yes,0
CUST-11238,72,69.63,4837.59,Month-to-Month,No,Yes,Yes,0
CUST-11239,4,75.64,302.86,Month-to-Month,Yes,Yes,Yes,1
CUST-11240,48,70.56,3373.53,Two-Year,No,Yes,No,0
CUST-11241,35,96.97,3529.97,Two-Year,Yes,No,Yes,0
CUST-11242,35,41.19,1503.64,Month-to-Month,Yes,Yes,Yes,0
CUST-11243,44,48.08,2090.89,One-Year,No,No,No,0
CUST-11244,34,45.68,1551.84,Month-to-Month,Yes,No,No,0
CUST-11245,23,85.75,2050.4,Month-to-Month,Yes,No,No,0
CUST-11246,3,87.51,270.58,Month-to-Month,Yes,No,Yes,0
CUST-11247,1,76.28,72.49,Month-to-Month,No,Yes,Yes,0
CUST-11248,60,94.59,5573.28,Month-to-Month,No,No,No,0
CUST-11249,23,35.55,811.25,Month-to-Month,Yes,Yes,No,0
CUST-11250,38,106.68,3944.27,One-Year,Yes,Yes,Yes,0
CUST-11251,15,103.08,1499.75,Month-to-Month,No,Yes,Yes,1
CUST-11252,2,83.39,159.07,One-Year,No,Yes,Yes,0
CUST-11253,3,109.54,333.33,Month-to-Month,No,No,Yes,1
CUST-11254,27,23.58,621.54,Month-to-Month,No,No,No,0
CUST-11255,13,51.89,644.37,Month-to-Month,No,Yes,No,1
CUST-11256,5,46.62,226.83,Month-to-Month,No,Yes,Yes,1
CUST-11257,16,83.04,1368.75,Month-to-Month,No,No,Yes,1
CUST-11258,1,38.75,40.11,Month-to-Month,No,No,No,1
CUST-11259,20,83.94,1675.96,Month-to-Month,Yes,Yes,Yes,0
CUST-11260,7,99.26,688.99,Month-to-Month,No,No,No,1
CUST-11261,38,82.38,3280.03,One-Year,No,No,No,1
CUST-11262,8,72.09,559.45,One-Year,Yes,No,No,0
CUST-11263,14,40.3,548.14,Month-to-Month,No,Yes,Yes,0
CUST-11264,1,43.83,42.92,Month-to-Month,No,No,Yes,1
CUST-11265,1,96.24,93.09,Month-to-Month,No,No,Yes,1
CUST-11266,11,84.48,918.07,One-Year,No,No,Yes,1
CUST-11267,15,64.02,999.75,Month-to-Month,No,No,Yes,0
CUST-11268,21,54.55,1158.76,Month-to-Month,Yes,No,No,1
CUST-11269,8,18.0,142.73,Month-to-Month,No,Yes,No,0
CUST-11270,28,38.23,1116.94,Two-Year,No,No,No,0
CUST-11271,47,112.79,5061.77,Month-to-Month,Yes,No,Yes,0
CUST-11272,36,32.99,1153.23,One-Year,Yes,No,No,0
CUST-11273,1,69.74,70.2,Month-to-Month,No,Yes,No,1
CUST-11274,15,90.19,1368.48,Two-Year,Yes,Yes,Yes,0
CUST-11275,2,33.63,64.16,One-Year,No,No,No,0
CUST-11276,6,69.62,413.67,Month-to-Month,Yes,No,Yes,1
CUST-11277,72,88.45,6463.39,Two-Year,Yes,Yes,Yes,0
CUST-11278,3,65.31,199.81,Month-to-Month,No,No,Yes,1
CUST-11279,16,120.0,1946.52,Two-Year,Yes,Yes,No,0
CUST-11280,23,23.29,526.06,Two-Year,No,No,No,0
CUST-11281,29,91.47,2544.81,Month-to-Month,No,No,Yes,1
CUST-11282,19,60.68,1144.52,One-Year,Yes,Yes,Yes,0
CUST-11283,1,84.3,81.17,Month-to-Month,Yes,No,Yes,1
CUST-11284,9,76.03,714.9,Month-to-Month,Yes,No,Yes,1
CUST-11285,17,46.67,791.42,Month-to-Month,Yes,Yes,Yes,0
CUST-11286,2,70.72,138.86,One-Year,No,No,Yes,1
CUST-11287,10,18.55,190.44,Month-to-Month,No,Yes,Yes,1
CUST-11288,1,80.08,80.06,Month-to-Month,Yes,No,No,0
CUST-11289,1,72.45,71.07,One-Year,No,Yes,Yes,0
CUST-11290,12,80.97,1001.95,Month-to-Month,Yes,Yes,No,0
CUST-11291,3,91.45,284.42,Month-to-Month,Yes,Yes,Yes,0
CUST-11292,20,74.19,1509.47,Month-to-Month,Yes,Yes,Yes,1
CUST-11293,28,68.7,1836.45,Month-to-Month,No,No,Yes,1
CUST-11294,38,42.97,1643.69,Month-to-Month,No,Yes,Yes,0
CUST-11295,5,47.19,242.16,Month-to-Month,No,Yes,Yes,1
CUST-11296,4,94.67,364.92,Two-Year,Yes,No,No,0
CUST-11297,2,100.91,196.34,One-Year,Yes,No,No,0
CUST-11298,24,59.05,1471.41,Month-to-Month,No,No,Yes,1
CUST-11299,29,66.15,1826.29,Month-to-Month,No,No,Yes,1
CUST-11300,1,42.38,43.45,Month-to-Month,No,No,No,1
CUST-11301,66,94.32,6208.79,One-Year,Yes,Yes,Yes,0
CUST-11302,1,81.64,81.21,Month-to-Month,Yes,No,No,1
CUST-11303,18,113.53,1942.81,Month-to-Month,No,No,No,1
CUST-11304,29,43.04,1288.03,Two-Year,No,Yes,No,0
CUST-11305,49,55.55,2683.8,Month-to-Month,No,Yes,Yes,0
CUST-11306,30,70.79,2132.36,Month-to-Month,No,Yes,Yes,1
CUST-11307,38,81.16,3138.76,Two-Year,No,Yes,Yes,1
CUST-11308,9,59.61,547.36,One-Year,No,No,No,1
CUST-11309,40,43.18,1805.96,Month-to-Month,No,No,No,1
CUST-11310,2,87.04,174.63,One-Year,No,No,No,1
CUST-11311,54,83.03,4438.66,Month-to-Month,No,No,No,0
CUST-11312,19,42.09,835.99,One-Year,Yes,Yes,No,0
CUST-11313,40,98.89,4011.81,Month-to-Month,Yes,Yes,No,0
CUST-11314,14,94.25,1292.87,Two-Year,No,No,No,0
CUST-11315,24,68.36,1579.36,Two-Year,No,Yes,No,0
CUST-11316,17,66.99,1177.84,Two-Year,No,Yes,Yes,0
CUST-11317,31,78.85,2410.66,Two-Year,Yes,No,Yes,0
CUST-11318,2,43.46,88.31,Month-to-Month,Yes,No,No,1
CUST-11319,1,65.75,65.56,Month-to-Month,No,Yes,Yes,1
CUST-11320,6,18.0,104.75,Month-to-Month,Yes,No,Yes,1
CUST-11321,4,86.91,351.18,One-Year,Yes,No,No,0
CUST-11322,49,25.96,1216.16,Two-Year,Yes,Yes,No,0
CUST-11323,5,102.59,508.5,Month-to-Month,No,No,No,1
CUST-11324,72,56.75,4105.05,Two-Year,Yes,Yes,Yes,0
CUST-11325,9,59.71,533.95,Two-Year,No,No,No,1
CUST-11326,4,49.31,202.14,Two-Year,No,No,Yes,1
CUST-11327,37,57.8,2208.73,Two-Year,No,No,No,1
CUST-11328,25,100.46,2579.62,Month-to-Month,No,Yes,Yes,1
CUST-11329,16,18.0,274.72,Month-to-Month,Yes,Yes,No,0
CUST-11330,19,96.92,1785.15,Month-to-Month,Yes,Yes,No,1
CUST-11331,30,73.45,2211.57,Month-to-Month,Yes,No,Yes,1
CUST-11332,6,34.82,218.0,One-Year,No,Yes,No,0
CUST-11333,72,38.12,2836.57,Two-Year,Yes,Yes,No,0
CUST-11334,72,106.91,7961.19,Two-Year,Yes,Yes,Yes,0
CUST-11335,25,41.36,1013.65,One-Year,No,Yes,Yes,0
CUST-11336,5,36.17,179.57,Month-to-Month,Yes,Yes,Yes,0
CUST-11337,27,93.43,2515.22,Month-to-Month,Yes,No,Yes,1
CUST-11338,1,73.46,70.94,Month-to-Month,No,Yes,No,1
CUST-11339,1,41.55,39.6,Month-to-Month,No,Yes,No,1
CUST-11340,7,70.42,514.97,Month-to-Month,Yes,No,Yes,0
CUST-11341,14,39.36,536.75,Month-to-Month,Yes,No,Yes,0
CUST-11342,48,92.52,4325.47,Month-to-Month,No,Yes,Yes,0
CUST-11343,31,91.53,2719.22,Month-to-Month,Yes,Yes,Yes,0
CUST-11344,32,78.3,2612.97,One-Year,No,No,Yes,0
CUST-11345,13,74.04,970.19,Month-to-Month,Yes,Yes,Yes,1
CUST-11346,10,109.03,1108.51,Month-to-Month,No,No,Yes,0
CUST-11347,11,64.99,744.31,Month-to-Month,Yes,Yes,No,0
CUST-11348,72,35.45,2513.0,Two-Year,No,Yes,No,0
CUST-11349,1,76.24,77.17,Month-to-Month,Yes,No,Yes,0
CUST-11350,48,117.15,5363.86,Month-to-Month,No,No,No,1
CUST-11351,20,39.63,767.77,One-Year,Yes,No,No,0
CUST-11352,13,55.96,751.58,One-Year,Yes,Yes,No,0
CUST-11353,31,75.41,2400.07,Two-Year,No,No,Yes,0
CUST-11354,16,63.65,1003.19,Month-to-Month,No,Yes,No,1
CUST-11355,49,40.44,1957.15,Month-to-Month,No,No,No,1
CUST-11356,55,93.05,5134.92,Month-to-Month,No,No,Yes,0
CUST-11357,13,120.0,1482.04,One-Year,No,Yes,Yes,0
CUST-11358,7,69.9,476.64,Month-to-Month,No,No,No,0
CUST-11359,21,42.4,864.42,Month-to-Month,No,No,No,0
CUST-11360,58,26.28,1486.21,Month-to-Month,No,No,No,0
CUST-11361,5,71.45,368.18,Month-to-Month,Yes,No,No,1
CUST-11362,23,92.6,2082.87,Month-to-Month,No,Yes,No,0
CUST-11363,23,76.88,1713.69,One-Year,No,Yes,Yes,0
CUST-11364,31,64.94,2014.0,One-Year,Yes,Yes,Yes,0
CUST-11365,3,50.27,156.32,Month-to-Month,No,Yes,No,0
CUST-11366,30,37.7,1101.75,Month-to-Month,Yes,No,Yes,0
CUST-11367,57,85.87,4688.3,One-Year,No,No,Yes,1
CUST-11368,4,87.84,346.31,Month-to-Month,Yes,No,No,1
CUST-11369,6,26.36,162.08,Month-to-Month,Yes,Yes,No,0
CUST-11370,72,104.75,7580.23,Month-to-Month,No,No,Yes,0
CUST-11371,4,79.35,327.46,One-Year,No,No,Yes,0
CUST-11372,46,99.99,4810.93,Two-Year,No,No,Yes,0
CUST-11373,16,31.45,517.93,One-Year,No,Yes,Yes,0
CUST-11374,6,30.85,187.02,Month-to-Month,No,No,No,0
CUST-11375,49,61.28,3000.72,Month-to-Month,Yes,Yes,Yes,0
CUST-11376,14,77.57,1036.03,Two-Year,No,Yes,No,0
CUST-11377,17,109.91,1958.96,Month-to-Month,No,Yes,No,1
CUST-11378,10,82.65,816.87,Two-Year,No,No,No,0
CUST-11379,21,58.93,1194.49,Two-Year,Yes,No,Yes,0
CUST-11380,4,39.34,159.98,Month-to-Month,No,No,Yes,0
CUST-11381,11,95.75,1030.53,Two-Year,Yes,No,Yes,0
CUST-11382,72,40.88,2968.61,Month-to-Month,No,Yes,Yes,0
CUST-11383,7,105.71,746.39,Two-Year,No,No,No,0
CUST-11384,25,57.89,1439.4,Month-to-Month,No,No,Yes,1
CUST-11385,9,104.76,974.53,Month-to-Month,No,Yes,No,1
CUST-11386,35,81.97,2801.52,One-Year,Yes,No,Yes,0
CUST-11387,3,61.58,183.79,One-Year,No,Yes,Yes,0
CUST-11388,72,52.02,3759.56,Month-to-Month,No,No,No,0
CUST-11389,14,56.48,803.66,One-Year,Yes,Yes,Yes,0
CUST-11390,6,75.71,467.16,Month-to-Month,No,Yes,Yes,0
CUST-11391,1,66.93,66.23,Month-to-Month,Yes,No,Yes,0
CUST-11392,4,50.15,203.53,Month-to-Month,No,Yes,Yes,1
CUST-11393,17,60.86,998.47,Month-to-Month,No,Yes,No,1
CUST-11394,9,66.96,628.71,Month-to-Month,No,Yes,Yes,0
CUST-11395,42,18.0,747.16,Month-to-Month,Yes,Yes,Yes,0
CUST-11396,13,76.45,1016.66,Month-to-Month,Yes,No,Yes,0
CUST-11397,6,40.51,231.4,Month-to-Month,No,No,No,1
CUST-11398,23,36.17,807.38,Month-to-Month,No,No,Yes,0
CUST-11399,29,22.82,660.93,Two-Year,Yes,No,Yes,0
CUST-11400,4,20.15,83.65,Month-to-Month,Yes,Yes,Yes,0
CUST-11401,4,31.11,124.78,Two-Year,Yes,Yes,Yes,1
CUST-11402,1,47.27,49.3,One-Year,No,No,Yes,0
CUST-11403,31,113.83,3523.01,One-Year,No,No,Yes,0
CUST-11404,26,51.85,1346.81,One-Year,No,Yes,Yes,0
CUST-11405,15,69.44,1001.99,Two-Year,No,Yes,Yes,0
CUST-11406,44,75.01,3400.33,Month-to-Month,No,No,Yes,0
CUST-11407,39,68.28,2595.54,Month-to-Month,No,No,No,1
CUST-11408,21,63.06,1377.18,One-Year,Yes,No,No,0
CUST-11409,48,35.12,1755.02,One-Year,No,Yes,Yes,0
CUST-11410,5,101.27,528.8,Two-Year,No,No,Yes,1
CUST-11411,2,110.18,220.81,Month-to-Month,No,Yes,No,1
CUST-11412,7,22.93,163.35,One-Year,No,No,No,1
CUST-11413,1,39.4,40.5,Month-to-Month,No,No,Yes,1
CUST-11414,18,58.0,1005.48,Month-to-Month,No,No,No,1
CUST-11415,66,40.89,2725.99,Month-to-Month,No,Yes,Yes,0
CUST-11416,1,77.65,74.03,One-Year,Yes,No,Yes,1
CUST-11417,3,46.79,140.34,Two-Year,No,No,No,0
CUST-11418,14,119.13,1610.25,Month-to-Month,No,No,No,1
CUST-11419,65,94.76,5964.1,Two-Year,Yes,Yes,No,0
CUST-11420,9,70.31,624.25,Month-to-Month,No,Yes,Yes,1
CUST-11421,16,90.67,1440.92,Month-to-Month,No,No,Yes,0
CUST-11422,1,92.65,93.79,Month-to-Month,Yes,No,No,0
CUST-11423,3,50.9,146.2,Month-to-Month,No,No,Yes,1
CUST-11424,72,44.59,3211.67,Month-to-Month,No,Yes,Yes,0
CUST-11425,72,66.95,4667.41,Month-to-Month,No,Yes,Yes,0
CUST-11426,1,86.54,87.18,One-Year,Yes,No,Yes,0
CUST-11427,72,68.48,4998.31,One-Year,No,No,Yes,0
CUST-11428,24,25.58,617.4,Month-to-Month,Yes,Yes,No,0
CUST-11429,48,44.93,2208.03,Month-to-Month,No,Yes,No,0
CUST-11430,14,63.15,869.57,Month-to-Month,No,No,Yes,0
CUST-11431,17,63.11,1101.31,Month-to-Month,No,Yes,No,0
CUST-11432,16,114.31,1816.66,Month-to-Month,Yes,No,Yes,0
CUST-11433,26,30.35,787.85,Month-to-Month,Yes,Yes,No,0
CUST-11434,3,77.64,236.37,Two-Year,Yes,No,Yes,1
CUST-11435,1,102.23,97.31,Two-Year,Yes,Yes,No,0
CUST-11436,8,120.0,974.78,Month-to-Month,No,No,No,1
CUST-11437,29,54.89,1610.69,Month-to-Month,No,Yes,Yes,0
CUST-11438,5,77.29,379.1,Month-to-Month,No,No,Yes,1
CUST-11439,26,79.24,1974.9,One-Year,No,Yes,No,0
CUST-11440,72,69.89,4826.24,Month-to-Month,Yes,No,Yes,0
CUST-11441,2,62.53,130.35,Month-to-Month,Yes,No,No,1
CUST-11442,26,75.9,2010.75,One-Year,Yes,No,No,0
CUST-11443,14,18.0,242.6,Month-to-Month,No,No,Yes,1
CUST-11444,48,82.05,3881.97,Month-to-Month,No,No,No,0
CUST-11445,4,68.15,275.12,Month-to-Month,Yes,No,No,1
CUST-11446,28,59.44,1720.17,Month-to-Month,Yes,No,No,0
CUST-11447,43,116.17,4767.35,Month-to-Month,No,No,Yes,1
CUST-11448,69,48.13,3233.51,Month-to-Month,No,Yes,Yes,0
CUST-11449,27,54.92,1540.63,Month-to-Month,No,No,Yes,0
CUST-11450,16,114.79,1746.49,Month-to-Month,No,Yes,No,1
CUST-11451,23,44.2,986.24,One-Year,Yes,Yes,No,1
CUST-11452,48,51.25,2572.92,Month-to-Month,No,Yes,No,0
CUST-11453,20,61.32,1240.31,Month-to-Month,No,Yes,Yes,0
CUST-11454,1,86.02,83.97,One-Year,Yes,No,Yes,0
CUST-11455,64,70.2,4298.26,One-Year,No,No,No,0
CUST-11456,28,32.68,871.87,Two-Year,No,No,No,0
CUST-11457,27,51.7,1360.27,Month-to-Month,Yes,No,No,0
CUST-11458,5,49.82,258.6,Month-to-Month,No,No,No,0
CUST-11459,25,63.07,1563.49,One-Year,Yes,No,No,0
CUST-11460,12,75.65,927.8,One-Year,Yes,Yes,No,1
CUST-11461,25,75.46,1965.41,Month-to-Month,No,No,No,1
CUST-11462,2,20.6,40.82,Two-Year,Yes,No,Yes,1
CUST-11463,25,91.6,2219.3,Month-to-Month,No,No,No,1
CUST-11464,72,71.31,5143.11,Two-Year,No,No,No,0
CUST-11465,1,99.61,103.67,Two-Year,Yes,No,Yes,1
CUST-11466,72,76.1,5645.97,One-Year,No,Yes,Yes,0
CUST-11467,12,92.53,1062.15,Two-Year,No,Yes,Yes,0
CUST-11468,49,76.66,3828.68,One-Year,No,No,Yes,0
CUST-11469,36,98.66,3577.3,Month-to-Month,No,No,Yes,0
CUST-11470,20,78.06,1624.81,Month-to-Month,Yes,No,Yes,0
CUST-11471,32,62.55,1926.04,Month-to-Month,No,Yes,Yes,0
CUST-11472,50,120.0,6020.42,Month-to-Month,No,Yes,Yes,1
CUST-11473,12,87.23,1086.48,One-Year,No,No,No,0
CUST-11474,9,79.34,707.64,Month-to-Month,Yes,No,Yes,1
CUST-11475,26,33.09,858.79,Month-to-Month,No,No,Yes,0
CUST-11476,39,32.79,1223.88,One-Year,Yes,Yes,Yes,0
CUST-11477,34,72.32,2404.33,Two-Year,No,Yes,Yes,0
CUST-11478,38,68.64,2562.55,Month-to-Month,No,No,Yes,0
CUST-11479,13,49.65,674.18,Month-to-Month,No,Yes,No,0
CUST-11480,40,68.52,2681.23,Month-to-Month,No,No,No,0
CUST-11481,3,104.72,312.93,One-Year,Yes,No,Yes,1
CUST-11482,18,82.39,1508.42,Month-to-Month,Yes,Yes,No,0
CUST-11483,1,36.47,35.24,One-Year,Yes,No,Yes,0
CUST-11484,9,62.21,559.13,Month-to-Month,Yes,No,No,1
CUST-11485,10,44.88,459.51,Month-to-Month,Yes,Yes,No,0
CUST-11486,12,55.31,688.07,Two-Year,No,Yes,Yes,0
CUST-11487,28,54.66,1549.8,Month-to-Month,No,Yes,No,1
CUST-11488,11,53.06,593.53,Month-to-Month,Yes,No,No,0
CUST-11489,14,33.62,453.09,Month-to-Month,No,No,No,1
CUST-11490,6,61.81,387.39,Month-to-Month,No,No,No,1
CUST-11491,11,50.98,540.18,Month-to-Month,No,No,No,0
CUST-11492,6,18.0,110.97,Month-to-Month,No,No,Yes,0
CUST-11493,1,116.32,113.58,Month-to-Month,Yes,No,No,1
CUST-11494,22,92.22,2116.81,Month-to-Month,No,No,No,0
CUST-11495,26,55.59,1477.13,One-Year,No,Yes,No,0
CUST-11496,23,65.47,1544.03,One-Year,Yes,No,No,1
CUST-11497,14,35.71,485.89,Month-to-Month,Yes,No,Yes,0
CUST-11498,11,107.39,1174.56,One-Year,Yes,No,Yes,0
CUST-11499,47,112.43,5346.46,Month-to-Month,Yes,No,Yes,1
CUST-11500,17,68.92,1203.27,Month-to-Month,No,Yes,Yes,1
CUST-11501,15,90.59,1305.03,Month-to-Month,No,No,Yes,1
CUST-11502,1,69.38,72.59,Month-to-Month,Yes,Yes,No,0
CUST-11503,10,31.58,328.12,Month-to-Month,No,No,No,1
CUST-11504,11,54.7,587.88,Month-to-Month,No,No,No,1
CUST-11505,12,68.3,846.05,One-Year,Yes,No,Yes,0
CUST-11506,20,53.64,1074.77,Two-Year,Yes,No,No,0
CUST-11507,18,59.53,1067.45,Month-to-Month,Yes,No,No,0
CUST-11508,22,62.72,1354.23,One-Year,Yes,Yes,No,0
CUST-11509,34,62.98,2158.66,Two-Year,Yes,No,Yes,0
CUST-11510,40,66.31,2713.38,One-Year,Yes,No,Yes,0
CUST-11511,30,38.48,1144.12,Month-to-Month,No,No,No,1
CUST-11512,72,47.07,3432.83,Month-to-Month,No,Yes,Yes,1
CUST-11513,1,32.89,33.55,Month-to-Month,Yes,No,No,1
CUST-11514,5,89.45,456.69,Month-to-Month,Yes,Yes,No,0
CUST-11515,1,18.0,17.19,One-Year,No,No,No,0
CUST-11516,25,93.84,2430.4,Month-to-Month,No,Yes,No,0
CUST-11517,54,99.66,5359.17,Month-to-Month,No,No,No,1
CUST-11518,6,57.45,336.51,One-Year,No,No,No,1
CUST-11519,62,18.0,1087.18,One-Year,Yes,Yes,Yes,0
CUST-11520,1,55.97,55.87,Month-to-Month,Yes,No,Yes,0
CUST-11521,65,63.4,4280.41,One-Year,No,No,Yes,0
CUST-11522,10,39.74,392.57,Month-to-Month,Yes,Yes,Yes,0
CUST-11523,2,52.12,106.84,Month-to-Month,No,No,Yes,1
CUST-11524,15,103.25,1486.31,Month-to-Month,No,Yes,Yes,1
CUST-11525,7,81.62,569.97,One-Year,No,Yes,No,0
CUST-11526,8,41.89,351.6,Two-Year,Yes,Yes,Yes,0
CUST-11527,8,25.06,205.9,Month-to-Month,No,No,Yes,0
CUST-11528,38,56.82,2096.66,Month-to-Month,No,Yes,No,1
CUST-11529,18,59.66,1074.03,Month-to-Month,Yes,No,No,0
CUST-11530,8,77.4,602.71,Month-to-Month,Yes,No,No,0
CUST-11531,22,51.62,1125.37,Month-to-Month,No,Yes,No,1
CUST-11532,30,77.79,2399.06,Month-to-Month,No,No,Yes,0
CUST-11533,7,113.38,815.19,Two-Year,No,Yes,Yes,0
CUST-11534,12,85.39,996.82,One-Year,Yes,No,Yes,1
CUST-11535,3,63.8,199.48,Month-to-Month,No,Yes,Yes,1
CUST-11536,4,60.42,243.92,Month-to-Month,No,Yes,Yes,1
CUST-11537,27,56.08,1495.98,Month-to-Month,No,No,No,0
CUST-11538,4,94.52,378.15,Month-to-Month,No,No,Yes,0
CUST-11539,17,49.32,847.25,Two-Year,No,Yes,Yes,0
CUST-11540,29,66.13,1929.26,Two-Year,No,No,Yes,1
CUST-11541,2,66.28,132.38,Month-to-Month,Yes,Yes,No,1
CUST-11542,20,52.46,1049.72,Month-to-Month,No,No,Yes,1
CUST-11543,7,30.69,207.88,Two-Year,No,No,Yes,0
CUST-11544,72,73.07,5425.57,Month-to-Month,Yes,Yes,Yes,0
CUST-11545,15,63.47,956.03,One-Year,No,Yes,Yes,1
CUST-11546,39,77.51,2911.37,Month-to-Month,No,Yes,Yes,0
CUST-11547,19,51.66,1007.66,One-Year,Yes,Yes,Yes,0
CUST-11548,1,95.52,99.65,Month-to-Month,Yes,Yes,Yes,1
CUST-11549,24,43.08,1080.17,Two-Year,No,No,No,0
CUST-11550,72,107.8,7659.94,One-Year,Yes,No,Yes,0
CUST-11551,22,21.31,451.73,Month-to-Month,No,Yes,No,0
CUST-11552,41,75.87,3116.39,One-Year,Yes,No,Yes,0
CUST-11553,51,76.89,3769.48,Two-Year,No,No,Yes,0
CUST-11554,6,45.11,282.41,Month-to-Month,Yes,No,Yes,0
CUST-11555,5,75.61,366.09,Month-to-Month,Yes,No,Yes,1
CUST-11556,22,96.99,2081.03,Month-to-Month,No,No,Yes,1
CUST-11557,12,18.0,213.98,Month-to-Month,No,No,Yes,0
CUST-11558,43,77.57,3296.54,Month-to-Month,Yes,Yes,No,1
CUST-11559,55,18.0,1019.17,One-Year,Yes,Yes,No,0
CUST-11560,10,40.86,406.82,Month-to-Month,No,Yes,No,1
CUST-11561,6,105.73,613.49,Two-Year,No,Yes,Yes,1
CUST-11562,36,50.46,1774.27,Month-to-Month,No,No,No,0
CUST-11563,7,35.65,249.78,Month-to-Month,No,Yes,Yes,1
CUST-11564,41,60.05,2375.25,Month-to-Month,No,No,No,0
CUST-11565,13,116.7,1534.04,Month-to-Month,No,Yes,Yes,1
CUST-11566,26,19.21,502.74,Month-to-Month,No,No,Yes,1
CUST-11567,2,38.72,79.1,Month-to-Month,No,No,No,0
CUST-11568,23,102.44,2459.25,Month-to-Month,Yes,Yes,No,0
CUST-11569,14,111.44,1624.48,One-Year,Yes,Yes,Yes,1
CUST-11570,21,62.41,1369.07,One-Year,Yes,No,Yes,0
CUST-11571,4,34.02,132.61,Month-to-Month,Yes,Yes,Yes,0
CUST-11572,32,117.4,3618.39,One-Year,Yes,Yes,No,0
CUST-11573,47,104.86,4830.97,One-Year,No,Yes,Yes,0
CUST-11574,5,81.97,426.04,Month-to-Month,No,No,No,1
CUST-11575,2,44.69,93.6,Two-Year,No,No,Yes,0
CUST-11576,1,63.77,66.06,Two-Year,Yes,No,Yes,1
CUST-11577,24,60.99,1406.68,Month-to-Month,Yes,No,No,1
CUST-11578,22,73.27,1684.06,Month-to-Month,No,No,Yes,0
CUST-11579,18,101.28,1809.07,Month-to-Month,Yes,No,Yes,0
CUST-11580,6,86.99,496.33,Month-to-Month,No,No,Yes,1
CUST-11581,11,38.07,416.36,One-Year,No,Yes,No,0
CUST-11582,21,99.41,1992.85,Month-to-Month,Yes,Yes,No,0
CUST-11583,16,72.83,1170.39,One-Year,Yes,No,No,0
CUST-11584,72,82.18,5821.43,One-Year,No,No,No,0
CUST-11585,3,101.66,304.17,One-Year,No,Yes,No,1
CUST-11586,28,37.21,1053.67,One-Year,No,Yes,Yes,0
CUST-11587,12,64.1,797.57,Month-to-Month,No,No,Yes,0
CUST-11588,13,51.71,683.11,Month-to-Month,Yes,No,No,0
CUST-11589,30,25.8,768.9,One-Year,No,Yes,No,0
CUST-11590,28,73.67,2128.65,Month-to-Month,Yes,No,Yes,0
CUST-11591,72,120.0,8990.42,Month-to-Month,Yes,No,Yes,0
CUST-11592,3,19.0,54.83,Two-Year,No,No,Yes,0
CUST-11593,2,64.19,128.79,One-Year,No,Yes,Yes,0
CUST-11594,30,81.01,2377.93,Month-to-Month,Yes,Yes,Yes,0
CUST-11595,20,68.08,1299.93,One-Year,Yes,Yes,No,0
CUST-11596,7,62.17,442.52,One-Year,Yes,No,Yes,0
CUST-11597,1,32.52,33.7,Month-to-Month,Yes,No,No,0
CUST-11598,2,70.82,136.87,Month-to-Month,Yes,Yes,No,0
CUST-11599,53,46.08,2518.54,Two-Year,No,No,No,0
CUST-11600,5,18.0,93.18,Month-to-Month,No,Yes,Yes,0
CUST-11601,9,94.86,889.11,Month-to-Month,No,Yes,Yes,1
CUST-11602,6,88.96,521.23,Month-to-Month,No,No,Yes,1
CUST-11603,10,66.29,689.68,One-Year,No,No,Yes,0
CUST-11604,1,70.73,69.46,Month-to-Month,No,Yes,Yes,0
CUST-11605,17,91.86,1569.79,Month-to-Month,No,No,No,1
CUST-11606,1,70.61,67.44,Month-to-Month,Yes,No,Yes,1
CUST-11607,38,87.6,3176.97,Two-Year,No,No,No,0
CUST-11608,6,57.56,352.97,Month-to-Month,No,No,No,0
CUST-11609,18,97.8,1750.63,One-Year,No,Yes,No,1
CUST-11610,50,73.02,3562.02,Two-Year,No,No,No,0
CUST-11611,25,69.85,1692.19,Month-to-Month,No,No,Yes,0
CUST-11612,18,33.25,608.67,Two-Year,No,Yes,No,0
CUST-11613,9,72.17,617.08,Two-Year,Yes,Yes,Yes,0
CUST-11614,9,44.2,409.97,Two-Year,No,No,No,0
CUST-11615,26,49.04,1221.39,Month-to-Month,Yes,Yes,Yes,0
CUST-11616,72,44.62,3113.53,One-Year,Yes,No,Yes,0
CUST-11617,26,38.34,985.5,One-Year,Yes,No,Yes,0
CUST-11618,19,118.12,2240.88,Two-Year,No,Yes,Yes,0
CUST-11619,31,98.28,3002.5,Month-to-Month,Yes,Yes,Yes,0
CUST-11620,15,113.01,1664.76,One-Year,No,No,Yes,0
CUST-11621,1,34.43,36.03,Month-to-Month,Yes,No,No,0
CUST-11622,19,66.78,1286.78,Month-to-Month,No,No,Yes,1
CUST-11623,72,32.66,2239.45,Month-to-Month,No,No,Yes,0
CUST-11624,4,47.61,189.11,One-Year,Yes,No,Yes,0
CUST-11625,28,42.05,1221.55,Month-to-Month,Yes,No,Yes,0
CUST-11626,5,95.99,470.42,Month-to-Month,No,Yes,Yes,1
CUST-11627,18,55.09,951.42,Two-Year,No,Yes,No,0
CUST-11628,2,91.71,188.16,Month-to-Month,No,No,Yes,1
CUST-11629,14,80.1,1133.29,One-Year,Yes,No,Yes,0
CUST-11630,33,120.0,3987.84,Month-to-Month,No,No,Yes,1
CUST-11631,10,28.01,267.6,Month-to-Month,No,No,Yes,0
CUST-11632,26,96.48,2418.3,One-Year,Yes,No,Yes,0
CUST-11633,38,93.66,3602.7,Two-Year,No,No,No,1
CUST-11634,62,40.67,2447.87,Month-to-Month,Yes,Yes,Yes,0
CUST-11635,6,90.18,541.3,One-Year,No,No,Yes,0
CUST-11636,12,73.4,884.75,Month-to-Month,No,No,No,1
CUST-11637,3,59.31,174.08,Month-to-Month,Yes,No,Yes,1
CUST-11638,72,44.4,3340.15,Month-to-Month,Yes,Yes,No,0
CUST-11639,62,47.02,3015.08,Month-to-Month,Yes,No,Yes,0
CUST-11640,18,116.25,2139.03,Month-to-Month,No,No,Yes,1
CUST-11641,44,65.02,2740.15,Month-to-Month,No,Yes,No,0
CUST-11642,17,84.55,1380.74,Month-to-Month,No,No,Yes,1
CUST-11643,23,45.23,1039.54,Month-to-Month,No,No,No,1
CUST-11644,2,45.5,87.91,Month-to-Month,Yes,Yes,Yes,0
CUST-11645,33,92.05,3182.93,One-Year,No,No,No,0
CUST-11646,3,31.26,90.58,Two-Year,No,Yes,No,0
CUST-11647,41,54.62,2236.61,One-Year,No,Yes,No,0
CUST-11648,36,65.85,2338.39,Month-to-Month,Yes,Yes,No,0
CUST-11649,29,67.78,1993.02,Two-Year,Yes,No,No,0
CUST-11650,1,60.52,58.27,One-Year,No,No,Yes,0
CUST-11651,8,74.9,595.02,Month-to-Month,No,No,Yes,1
CUST-11652,7,82.32,563.26,Month-to-Month,Yes,No,Yes,1
CUST-11653,10,83.37,866.03,One-Year,No,Yes,Yes,0
CUST-11654,2,40.35,76.99,One-Year,No,Yes,No,1
CUST-11655,66,57.9,3979.5,One-Year,Yes,No,Yes,0
CUST-11656,19,94.87,1862.55,One-Year,No,Yes,Yes,0
CUST-11657,8,87.37,684.81,One-Year,No,No,No,1
CUST-11658,12,30.68,378.81,Two-Year,Yes,No,Yes,0
CUST-11659,14,73.79,984.63,Month-to-Month,No,No,Yes,1
CUST-11660,22,18.0,414.49,Month-to-Month,No,Yes,Yes,0
CUST-11661,17,66.17,1127.88,Two-Year,No,No,Yes,0
CUST-11662,60,112.44,6613.69,Month-to-Month,Yes,No,No,0
CUST-11663,16,41.3,651.72,One-Year,Yes,Yes,Yes,0
CUST-11664,72,44.14,3040.28,Two-Year,No,No,Yes,0
CUST-11665,45,84.1,3969.69,One-Year,Yes,Yes,No,0
CUST-11666,5,26.43,126.06,One-Year,No,Yes,Yes,0
CUST-11667,64,49.18,3196.28,Month-to-Month,Yes,Yes,No,0
CUST-11668,2,79.91,158.9,Month-to-Month,Yes,Yes,No,1
CUST-11669,40,49.14,2053.84,Month-to-Month,No,No,Yes,0
CUST-11670,11,59.1,633.59,One-Year,No,Yes,Yes,0
CUST-11671,50,83.6,4193.41,One-Year,No,Yes,Yes,0
CUST-11672,48,75.54,3619.52,One-Year,Yes,Yes,No,0
CUST-11673,39,71.67,2851.83,Month-to-Month,No,Yes,Yes,0
CUST-11674,37,56.52,2000.9,Month-to-Month,Yes,Yes,Yes,0
CUST-11675,8,74.25,575.81,One-Year,No,Yes,No,0
CUST-11676,2,61.91,120.29,Month-to-Month,No,No,Yes,1
CUST-11677,12,76.45,939.25,Month-to-Month,Yes,No,Yes,1
CUST-11678,4,52.58,203.78,One-Year,No,No,No,0
CUST-11679,28,60.44,1704.76,One-Year,Yes,No,Yes,0
CUST-11680,10,40.25,391.04,Month-to-Month,No,No,No,0
CUST-11681,72,64.12,4783.59,Two-Year,No,No,No,0
CUST-11682,24,44.72,1120.74,Month-to-Month,No,No,Yes,0
CUST-11683,41,37.15,1525.97,Two-Year,No,Yes,No,0
CUST-11684,3,71.47,211.24,Month-to-Month,Yes,No,Yes,1
CUST-11685,47,70.32,3217.15,Month-to-Month,Yes,Yes,No,0
CUST-11686,61,84.57,4926.51,Two-Year,Yes,Yes,Yes,0
CUST-11687,16,54.22,847.44,Month-to-Month,No,No,Yes,1
CUST-11688,22,75.2,1679.92,One-Year,No,Yes,Yes,1
CUST-11689,34,78.77,2687.18,Two-Year,Yes,Yes,Yes,0
CUST-11690,4,76.12,318.0,Two-Year,No,Yes,No,0
CUST-11691,16,44.36,702.4,Two-Year,Yes,Yes,No,0
CUST-11692,12,68.73,840.75,Month-to-Month,Yes,Yes,No,0
CUST-11693,3,74.1,222.06,One-Year,No,No,Yes,0
CUST-11694,10,65.18,652.62,Month-to-Month,No,No,Yes,0
CUST-11695,1,18.0,17.58,Month-to-Month,No,No,No,1
CUST-11696,1,69.01,68.7,Two-Year,Yes,Yes,Yes,0
CUST-11697,3,120.0,358.95,Month-to-Month,No,No,No,1
CUST-11698,72,56.0,4115.32,One-Year,Yes,No,No,1
CUST-11699,19,46.8,928.38,Month-to-Month,Yes,Yes,Yes,0
CUST-11700,72,74.33,5260.42,One-Year,No,No,No,0
CUST-11701,13,72.81,903.2,Two-Year,No,No,No,0
CUST-11702,8,94.82,758.28,Month-to-Month,Yes,No,No,1
CUST-11703,16,33.55,539.19,One-Year,Yes,Yes,Yes,0
CUST-11704,13,83.28,1046.74,Two-Year,No,No,Yes,0
CUST-11705,2,79.76,163.67,Month-to-Month,Yes,No,Yes,0
CUST-11706,24,61.45,1546.32,Month-to-Month,No,No,Yes,1
CUST-11707,5,73.47,383.73,One-Year,No,No,Yes,0
CUST-11708,23,90.74,2023.81,Month-to-Month,Yes,No,No,0
CUST-11709,25,86.81,2251.71,Month-to-Month,No,No,No,0
CUST-11710,3,36.42,111.49,Two-Year,No,Yes,Yes,0
CUST-11711,1,85.5,85.11,Month-to-Month,Yes,No,Yes,0
CUST-11712,36,63.38,2290.95,Two-Year,No,Yes,No,0
CUST-11713,14,66.82,968.18,Two-Year,Yes,No,Yes,0
CUST-11714,1,66.83,66.7,One-Year,No,No,No,0
CUST-11715,72,61.24,4353.37,Month-to-Month,Yes,Yes,No,0
CUST-11716,1,94.79,94.73,Month-to-Month,No,No,No,1
CUST-11717,28,62.91,1775.42,Month-to-Month,Yes,Yes,No,0
CUST-11718,72,37.01,2581.87,Two-Year,Yes,Yes,No,0
CUST-11719,6,55.16,344.23,Month-to-Month,No,Yes,Yes,0
CUST-11720,3,69.47,212.04,Month-to-Month,Yes,Yes,Yes,0
CUST-11721,3,95.73,291.02,Month-to-Month,Yes,Yes,Yes,1
CUST-11722,8,80.08,614.98,Month-to-Month,Yes,Yes,Yes,1
CUST-11723,2,43.74,88.39,Month-to-Month,Yes,No,No,1
CUST-11724,28,120.0,3232.64,One-Year,No,No,Yes,1
CUST-11725,1,71.62,68.6,Month-to-Month,No,No,No,1
CUST-11726,17,96.88,1651.46,Month-to-Month,Yes,Yes,Yes,1
CUST-11727,72,61.21,4364.28,Month-to-Month,No,No,Yes,0
CUST-11728,40,78.33,3161.03,One-Year,No,No,No,0
CUST-11729,22,85.99,1814.07,One-Year,No,Yes,Yes,1
CUST-11730,8,95.45,758.33,Month-to-Month,Yes,No,No,0
CUST-11731,23,91.43,2034.5,One-Year,No,Yes,No,0
CUST-11732,17,86.8,1547.48,Month-to-Month,No,No,Yes,0
CUST-11733,13,57.12,747.1,Two-Year,No,No,Yes,0
CUST-11734,3,50.71,154.98,Month-to-Month,No,Yes,Yes,0
CUST-11735,52,73.32,3746.08,One-Year,Yes,No,No,0
CUST-11736,14,88.33,1186.5,Two-Year,No,Yes,No,0
CUST-11737,5,59.43,311.29,Two-Year,No,Yes,Yes,0
CUST-11738,11,91.63,986.39,Month-to-Month,No,No,No,1
CUST-11739,12,101.32,1206.58,Month-to-Month,Yes,No,Yes,0
CUST-11740,42,42.09,1794.27,One-Year,No,No,No,0
CUST-11741,31,44.08,1301.53,Month-to-Month,No,No,No,1
CUST-11742,35,61.49,2218.92,Two-Year,No,Yes,No,0
CUST-11743,1,72.69,72.96,One-Year,No,No,No,1
CUST-11744,12,51.89,608.87,One-Year,No,Yes,Yes,1
CUST-11745,15,98.81,1417.17,Month-to-Month,Yes,Yes,No,0
CUST-11746,1,75.6,73.05,One-Year,No,No,Yes,1
CUST-11747,7,65.99,480.18,One-Year,Yes,Yes,No,0
CUST-11748,34,29.1,1007.81,Two-Year,No,Yes,Yes,0
CUST-11749,3,32.1,93.89,Month-to-Month,Yes,Yes,No,0
CUST-11750,18,72.03,1240.22,Month-to-Month,No,Yes,No,1
CUST-11751,5,18.0,91.72,Month-to-Month,No,Yes,No,1
CUST-11752,1,90.32,90.97,Month-to-Month,No,Yes,Yes,1
CUST-11753,6,61.05,362.8,One-Year,Yes,Yes,No,1
CUST-11754,72,120.0,8522.16,Two-Year,No,No,No,0
CUST-11755,38,120.0,4430.87,Month-to-Month,Yes,No,No,0
CUST-11756,72,60.46,4426.95,Two-Year,Yes,No,Yes,0
CUST-11757,16,62.34,1044.39,Month-to-Month,Yes,No,Yes,0
CUST-11758,2,89.89,173.95,Month-to-Month,No,Yes,Yes,0
CUST-11759,19,107.58,2063.87,Month-to-Month,No,Yes,Yes,0
CUST-11760,14,24.05,334.15,Month-to-Month,No,Yes,Yes,0
CUST-11761,44,20.34,890.19,Two-Year,No,No,Yes,0
CUST-11762,2,49.45,96.47,Month-to-Month,Yes,No,Yes,0
CUST-11763,16,79.57,1314.51,One-Year,No,No,Yes,1
CUST-11764,3,77.42,231.92,Month-to-Month,Yes,Yes,Yes,1
CUST-11765,9,91.74,829.24,Two-Year,Yes,Yes,No,0
CUST-11766,32,35.01,1098.45,Month-to-Month,Yes,No,Yes,0
CUST-11767,15,18.0,261.41,Month-to-Month,No,Yes,Yes,1
CUST-11768,11,86.45,911.57,Month-to-Month,No,No,Yes,0
CUST-11769,12,44.3,542.98,Month-to-Month,Yes,No,No,0
CUST-11770,14,18.0,244.35,Month-to-Month,No,No,No,1
CUST-11771,36,68.63,2517.64,Two-Year,No,No,Yes,0
CUST-11772,53,84.83,4446.7,One-Year,Yes,No,Yes,0
CUST-11773,72,61.95,4422.83,One-Year,No,No,No,0
CUST-11774,37,53.55,1975.24,Month-to-Month,No,No,Yes,1
CUST-11775,9,61.02,541.91,Month-to-Month,No,Yes,Yes,0
CUST-11776,27,55.74,1444.87,Month-to-Month,No,No,Yes,0
CUST-11777,13,31.3,399.15,Two-Year,No,No,Yes,0
CUST-11778,7,47.13,335.31,Two-Year,Yes,Yes,No,0
CUST-11779,44,78.03,3490.24,Two-Year,No,Yes,Yes,0
CUST-11780,1,73.04,71.48,Two-Year,No,Yes,No,0
CUST-11781,55,69.2,3790.82,Month-to-Month,Yes,No,No,0
CUST-11782,14,40.12,544.46,Month-to-Month,No,No,Yes,1
CUST-11783,24,60.46,1409.01,Month-to-Month,No,Yes,Yes,0
CUST-11784,25,18.0,428.54,Month-to-Month,Yes,Yes,Yes,0
CUST-11785,54,69.46,3899.65,Month-to-Month,No,No,Yes,0
CUST-11786,24,100.72,2347.35,Month-to-Month,No,No,Yes,0
CUST-11787,22,28.15,602.43,One-Year,Yes,No,No,0
CUST-11788,1,50.35,49.24,Two-Year,Yes,Yes,Yes,0
CUST-11789,17,73.23,1198.53,One-Year,Yes,No,No,1
CUST-11790,3,96.32,292.98,Two-Year,No,No,Yes,1
CUST-11791,32,53.79,1648.15,Month-to-Month,No,Yes,No,0
CUST-11792,17,47.69,781.07,Month-to-Month,No,Yes,No,0
CUST-11793,27,18.0,493.04,One-Year,Yes,Yes,Yes,0
CUST-11794,1,67.59,66.51,Month-to-Month,Yes,Yes,Yes,1
CUST-11795,2,116.05,236.93,Month-to-Month,Yes,No,Yes,1
CUST-11796,30,71.93,2170.29,Month-to-Month,No,Yes,Yes,1
CUST-11797,1,64.44,62.87,Month-to-Month,No,Yes,Yes,1
CUST-11798,1,73.05,74.15,Month-to-Month,No,No,Yes,1
CUST-11799,1,64.72,62.24,Month-to-Month,Yes,Yes,Yes,0
CUST-11800,72,44.67,3227.95,Month-to-Month,No,No,No,0
CUST-11801,32,85.58,2721.35,One-Year,No,Yes,Yes,0
CUST-11802,10,70.64,690.0,Month-to-Month,Yes,No,Yes,0
CUST-11803,8,65.44,528.96,Month-to-Month,No,Yes,Yes,0
CUST-11804,10,40.62,421.28,Month-to-Month,Yes,No,Yes,1
CUST-11805,35,97.59,3586.06,Month-to-Month,Yes,No,Yes,0
CUST-11806,25,81.62,2062.49,One-Year,Yes,No,No,0
CUST-11807,4,51.18,202.77,One-Year,No,No,Yes,0
CUST-11808,4,90.05,350.3,One-Year,No,No,Yes,1
CUST-11809,2,52.56,102.57,Month-to-Month,Yes,Yes,Yes,0
CUST-11810,25,45.45,1133.92,One-Year,Yes,No,Yes,0
CUST-11811,34,46.01,1543.58,One-Year,No,No,Yes,0
CUST-11812,7,20.72,151.04,Month-to-Month,No,No,No,0
CUST-11813,1,76.79,75.78,Month-to-Month,No,Yes,Yes,0
CUST-11814,2,19.22,37.95,Month-to-Month,Yes,Yes,Yes,1
CUST-11815,72,34.29,2440.13,One-Year,Yes,No,No,0
CUST-11816,8,18.0,148.85,One-Year,Yes,Yes,Yes,0
CUST-11817,35,62.85,2232.92,Month-to-Month,Yes,Yes,Yes,0
CUST-11818,23,61.24,1424.6,One-Year,No,Yes,No,0
CUST-11819,11,56.83,614.76,Month-to-Month,No,No,Yes,0
CUST-11820,5,38.94,200.89,Month-to-Month,No,No,No,1
CUST-11821,3,35.69,102.13,Two-Year,No,No,Yes,0
CUST-11822,22,76.61,1747.91,Two-Year,Yes,Yes,Yes,0
CUST-11823,35,51.24,1795.69,Month-to-Month,Yes,Yes,Yes,0
CUST-11824,24,72.91,1732.04,Month-to-Month,No,Yes,Yes,0
CUST-11825,18,42.87,771.44,Month-to-Month,Yes,No,Yes,0
CUST-11826,1,69.53,70.69,Month-to-Month,Yes,No,Yes,1
CUST-11827,72,97.58,6683.44,Two-Year,Yes,Yes,No,0
CUST-11828,38,79.65,3139.16,Two-Year,Yes,No,No,0
CUST-11829,8,54.69,435.19,One-Year,Yes,No,Yes,0
CUST-11830,72,71.43,5062.2,Month-to-Month,No,Yes,Yes,0
CUST-11831,22,58.98,1250.62,One-Year,No,Yes,No,0
CUST-11832,20,65.2,1296.11,Month-to-Month,Yes,No,No,0
CUST-11833,33,56.86,1875.69,Two-Year,Yes,Yes,Yes,0
CUST-11834,40,60.89,2412.13,Two-Year,No,No,No,0
CUST-11835,25,70.3,1788.9,One-Year,Yes,No,Yes,0
CUST-11836,3,40.17,119.56,Month-to-Month,Yes,No,Yes,0
CUST-11837,9,39.6,372.84,Month-to-Month,Yes,No,Yes,0
CUST-11838,63,30.29,1927.21,Month-to-Month,Yes,No,No,0
CUST-11839,6,24.99,154.55,Two-Year,No,No,No,0
CUST-11840,11,34.57,365.41,Month-to-Month,No,No,No,0
CUST-11841,13,68.99,887.66,Month-to-Month,Yes,No,Yes,0
CUST-11842,13,42.68,545.79,Month-to-Month,Yes,Yes,No,1
CUST-11843,22,77.84,1724.38,Two-Year,Yes,Yes,Yes,0
CUST-11844,68,65.87,4640.91,Month-to-Month,Yes,No,Yes,0
CUST-11845,6,18.0,103.45,Two-Year,No,No,Yes,0
CUST-11846,3,81.37,233.68,Two-Year,No,Yes,Yes,1
CUST-11847,5,85.27,441.29,Two-Year,No,Yes,No,0
CUST-11848,52,40.15,2027.85,Month-to-Month,No,No,Yes,0
CUST-11849,24,75.5,1842.58,Month-to-Month,No,Yes,No,1
CUST-11850,8,43.59,350.22,Month-to-Month,No,No,Yes,0
CUST-11851,40,67.44,2787.4,Month-to-Month,Yes,No,Yes,0
CUST-11852,47,33.39,1510.49,Month-to-Month,Yes,No,No,0
CUST-11853,44,20.17,854.62,One-Year,No,Yes,Yes,0
CUST-11854,60,55.43,3344.7,Month-to-Month,Yes,Yes,No,0
CUST-11855,6,61.91,388.04,Two-Year,No,Yes,No,0
CUST-11856,33,55.06,1801.54,Month-to-Month,No,Yes,Yes,0
CUST-11857,14,35.4,487.02,One-Year,No,No,No,1
CUST-11858,44,55.0,2445.82,One-Year,Yes,No,Yes,0
CUST-11859,31,71.73,2319.35,One-Year,No,Yes,No,0
CUST-11860,35,63.88,2311.13,Two-Year,Yes,Yes,Yes,0
CUST-11861,25,69.56,1825.16,One-Year,No,Yes,Yes,1
CUST-11862,4,48.25,183.79,Two-Year,Yes,No,Yes,0
CUST-11863,18,94.29,1631.51,Month-to-Month,No,No,Yes,1
CUST-11864,72,35.6,2591.26,Month-to-Month,No,No,No,0
CUST-11865,66,77.19,5257.86,Month-to-Month,No,No,No,0
CUST-11866,1,94.55,92.52,Month-to-Month,No,No,No,1
CUST-11867,4,77.02,300.05,Month-to-Month,No,No,Yes,0
CUST-11868,3,59.94,184.98,Month-to-Month,No,Yes,No,0
CUST-11869,31,51.79,1534.27,Month-to-Month,No,No,Yes,1
CUST-11870,40,90.9,3588.51,Month-to-Month,Yes,Yes,Yes,0
CUST-11871,5,29.43,147.24,Month-to-Month,No,No,Yes,1
CUST-11872,16,40.75,655.93,Two-Year,No,Yes,Yes,0
CUST-11873,44,55.06,2478.03,Month-to-Month,No,No,No,0
CUST-11874,31,95.94,2930.97,One-Year,Yes,Yes,Yes,0
CUST-11875,18,74.49,1355.93,Month-to-Month,No,No,Yes,1
CUST-11876,21,40.8,864.11,Two-Year,Yes,Yes,No,0
CUST-11877,17,57.24,977.71,Two-Year,Yes,No,No,1
CUST-11878,8,49.64,402.7,One-Year,No,No,No,1
CUST-11879,19,47.26,876.34,One-Year,Yes,Yes,Yes,0
CUST-11880,28,89.47,2401.11,Month-to-Month,Yes,No,No,0
CUST-11881,49,30.71,1447.5,Two-Year,No,No,Yes,0
CUST-11882,24,105.22,2455.73,Two-Year,Yes,Yes,Yes,0
CUST-11883,34,85.71,2914.2,Two-Year,Yes,No,No,0
CUST-11884,4,92.27,381.65,One-Year,Yes,No,No,1
CUST-11885,14,53.43,763.08,Month-to-Month,No,No,No,0
CUST-11886,1,61.25,63.02,Two-Year,No,Yes,Yes,0
CUST-11887,6,29.17,172.41,Month-to-Month,No,No,No,1
CUST-11888,31,51.88,1592.95,One-Year,Yes,No,No,0
CUST-11889,72,77.34,5509.28,Month-to-Month,Yes,Yes,Yes,0
CUST-11890,2,97.4,188.8,Two-Year,Yes,No,Yes,1
CUST-11891,12,37.32,428.19,Month-to-Month,No,Yes,No,0
CUST-11892,38,55.86,2141.98,Month-to-Month,No,Yes,Yes,0
CUST-11893,5,61.22,321.07,One-Year,Yes,No,No,0
CUST-11894,19,30.11,553.03,One-Year,Yes,No,Yes,1
CUST-11895,31,79.78,2361.07,One-Year,Yes,No,No,0
CUST-11896,22,46.9,1060.64,Month-to-Month,No,Yes,No,0
CUST-11897,4,60.12,234.53,Month-to-Month,No,Yes,Yes,1
CUST-11898,10,53.7,554.7,One-Year,No,Yes,No,0
CUST-11899,36,45.27,1662.96,Two-Year,No,No,Yes,0
CUST-11900,19,64.82,1286.47,Two-Year,No,No,Yes,1
CUST-11901,1,59.61,59.07,Month-to-Month,Yes,No,Yes,0
CUST-11902,34,55.7,1924.47,Two-Year,Yes,Yes,Yes,0
CUST-11903,1,46.79,46.63,Month-to-Month,No,No,No,1
CUST-11904,32,72.99,2366.18,Month-to-Month,No,No,No,0
CUST-11905,5,106.34,529.02,Month-to-Month,No,No,Yes,0
CUST-11906,72,68.5,4778.43,Month-to-Month,No,Yes,Yes,0
CUST-11907,11,89.9,989.68,One-Year,No,No,Yes,1
CUST-11908,9,30.24,272.94,Month-to-Month,No,Yes,No,0
CUST-11909,3,68.94,213.24,Month-to-Month,No,Yes,No,0
CUST-11910,8,37.57,307.64,Month-to-Month,No,Yes,No,0
CUST-11911,50,28.08,1427.0,Month-to-Month,Yes,Yes,No,0
CUST-11912,72,46.52,3219.95,One-Year,No,Yes,Yes,0
CUST-11913,11,94.8,1065.81,Month-to-Month,No,Yes,Yes,0
CUST-11914,14,88.75,1242.54,Month-to-Month,Yes,Yes,No,0
CUST-11915,30,71.08,2216.44,One-Year,No,No,No,0
CUST-11916,52,26.68,1445.61,One-Year,No,Yes,No,0
CUST-11917,21,60.09,1205.76,One-Year,Yes,No,No,0
CUST-11918,11,72.54,823.53,Month-to-Month,No,Yes,No,1
CUST-11919,12,69.39,794.18,Two-Year,Yes,No,No,0
CUST-11920,28,18.91,522.45,Two-Year,No,No,No,0
CUST-11921,1,42.74,42.92,Two-Year,No,Yes,No,0
CUST-11922,23,63.4,1406.89,One-Year,Yes,No,Yes,0
CUST-11923,10,78.41,803.41,Month-to-Month,Yes,Yes,Yes,0
CUST-11924,37,18.0,633.26,Two-Year,No,No,Yes,0
CUST-11925,2,60.95,117.86,Month-to-Month,Yes,No,No,1
CUST-11926,21,68.58,1451.82,Month-to-Month,Yes,Yes,Yes,1
CUST-11927,15,86.24,1321.33,Month-to-Month,No,Yes,Yes,1
CUST-11928,24,82.32,2058.0,Month-to-Month,Yes,Yes,Yes,0
CUST-11929,1,79.56,81.19,Two-Year,Yes,Yes,No,0
CUST-11930,20,45.0,915.46,One-Year,No,No,Yes,0
CUST-11931,19,18.0,338.39,One-Year,No,No,Yes,0
CUST-11932,19,55.17,995.95,One-Year,No,Yes,Yes,0
CUST-11933,22,90.04,1905.64,Month-to-Month,No,Yes,No,0
CUST-11934,27,99.84,2704.99,Month-to-Month,Yes,Yes,Yes,1
CUST-11935,39,82.76,3284.17,One-Year,Yes,Yes,Yes,0
CUST-11936,7,75.73,525.73,One-Year,Yes,No,No,1
CUST-11937,41,74.49,3124.54,Month-to-Month,No,Yes,Yes,1
CUST-11938,16,51.1,819.39,One-Year,No,No,Yes,0
CUST-11939,1,61.75,59.12,Month-to-Month,No,Yes,No,1
CUST-11940,1,106.73,103.44,Month-to-Month,No,Yes,Yes,1
CUST-11941,9,41.44,385.64,Month-to-Month,No,No,No,0
CUST-11942,36,105.37,3878.64,Month-to-Month,Yes,No,Yes,0
CUST-11943,29,56.95,1716.75,Two-Year,No,Yes,Yes,0
CUST-11944,37,98.14,3492.31,Two-Year,Yes,No,No,0
CUST-11945,17,29.83,531.97,Month-to-Month,Yes,No,No,0
CUST-11946,13,79.65,1005.36,One-Year,No,Yes,Yes,0
CUST-11947,3,46.58,132.92,One-Year,No,No,Yes,0
CUST-11948,9,29.62,279.84,Month-to-Month,No,No,No,0
CUST-11949,13,70.46,895.93,Month-to-Month,No,Yes,No,1
CUST-11950,2,90.24,183.51,Two-Year,Yes,No,Yes,0
CUST-11951,5,43.88,212.31,One-Year,No,Yes,No,1
CUST-11952,21,27.52,582.56,Two-Year,No,Yes,Yes,0
CUST-11953,31,62.7,2022.23,Month-to-Month,Yes,No,Yes,0
CUST-11954,72,62.81,4441.0,One-Year,No,No,Yes,0
CUST-11955,64,78.71,5123.2,Month-to-Month,No,No,Yes,0
CUST-11956,24,88.74,2063.29,Month-to-Month,No,Yes,Yes,0
CUST-11957,13,63.51,835.93,Month-to-Month,No,Yes,Yes,0
CUST-11958,24,111.39,2629.64,Month-to-Month,No,No,Yes,1
CUST-11959,36,70.61,2468.55,Month-to-Month,No,Yes,Yes,0
CUST-11960,3,56.34,165.86,Month-to-Month,Yes,No,Yes,0
CUST-11961,12,24.71,287.0,Month-to-Month,Yes,No,Yes,0
CUST-11962,43,58.43,2613.47,One-Year,Yes,No,No,0
CUST-11963,11,56.59,616.09,Month-to-Month,Yes,Yes,Yes,0
CUST-11964,20,89.01,1734.85,Month-to-Month,No,Yes,No,0
CUST-11965,21,76.56,1599.47,Month-to-Month,No,No,Yes,0
CUST-11966,4,35.52,139.53,Month-to-Month,Yes,No,Yes,1
CUST-11967,10,69.31,710.04,One-Year,Yes,No,Yes,0
CUST-11968,9,81.79,770.8,Month-to-Month,Yes,Yes,No,1
CUST-11969,1,103.2,102.56,One-Year,No,No,Yes,1
CUST-11970,1,87.19,90.34,Month-to-Month,No,No,Yes,1
CUST-11971,42,84.02,3552.08,Month-to-Month,No,Yes,No,0
CUST-11972,7,66.5,449.54,Two-Year,No,No,No,0
CUST-11973,17,74.71,1294.28,One-Year,Yes,No,No,0
CUST-11974,8,96.24,770.95,Month-to-Month,Yes,Yes,Yes,0
CUST-11975,67,31.68,2154.53,Two-Year,Yes,Yes,Yes,0
CUST-11976,7,56.26,409.17,Month-to-Month,Yes,No,No,0
CUST-11977,13,45.69,590.43,Two-Year,No,No,Yes,1
CUST-11978,49,74.48,3795.93,One-Year,No,No,No,0
CUST-11979,44,95.76,4319.06,One-Year,No,Yes,No,0
CUST-11980,4,50.08,200.09,Two-Year,No,Yes,No,0
CUST-11981,38,18.0,691.06,Month-to-Month,Yes,No,Yes,1
CUST-11982,14,54.69,752.31,One-Year,Yes,No,Yes,0
CUST-11983,15,87.84,1381.32,Month-to-Month,No,Yes,No,1
CUST-11984,3,78.44,239.26,Month-to-Month,No,No,Yes,1
CUST-11985,2,75.7,144.49,Month-to-Month,Yes,Yes,Yes,1
CUST-11986,31,58.0,1766.83,Month-to-Month,No,Yes,Yes,0
CUST-11987,16,33.02,534.83,One-Year,No,Yes,Yes,0
CUST-11988,13,77.88,967.52,One-Year,No,Yes,Yes,0
CUST-11989,31,44.14,1303.19,One-Year,No,No,No,0
CUST-11990,34,119.6,4046.08,Month-to-Month,No,No,Yes,0
CUST-11991,4,79.26,311.74,Month-to-Month,No,No,Yes,1
CUST-11992,22,50.48,1103.71,Two-Year,No,No,Yes,0
CUST-11993,3,49.72,145.62,Month-to-Month,No,Yes,Yes,0
CUST-11994,33,62.68,1999.09,One-Year,Yes,No,No,0
CUST-11995,25,59.01,1503.15,One-Year,No,No,No,0
CUST-11996,72,92.92,6699.99,One-Year,Yes,No,Yes,0
CUST-11997,1,69.66,67.57,Month-to-Month,Yes,No,No,1
CUST-11998,1,46.71,45.87,Two-Year,No,No,Yes,0
CUST-11999,7,112.26,793.03,Month-to-Month,No,Yes,No,0
CUST-12000,7,66.23,443.78,Two-Year,Yes,No,Yes,1
CUST-12001,6,84.22,487.51,Month-to-Month,Yes,No,Yes,1
CUST-12002,56,49.79,2669.25,Month-to-Month,Yes,No,Yes,0
CUST-12003,6,74.08,458.36,Month-to-Month,No,Yes,No,0
CUST-12004,7,72.78,522.32,One-Year,Yes,No,Yes,1
CUST-12005,34,18.0,627.5,Month-to-Month,Yes,No,No,0
CUST-12006,14,115.38,1650.26,Month-to-Month,No,Yes,Yes,1
CUST-12007,35,97.27,3462.12,Month-to-Month,Yes,No,No,0
CUST-12008,1,55.07,54.94,Two-Year,No,Yes,Yes,0
CUST-12009,16,37.44,607.56,Two-Year,No,Yes,No,0
CUST-12010,1,73.69,70.29,One-Year,Yes,Yes,Yes,0
CUST-12011,1,67.17,67.99,One-Year,No,No,Yes,0
CUST-12012,56,73.89,4252.82,Month-to-Month,No,Yes,No,0
CUST-12013,3,69.79,209.38,Month-to-Month,No,No,No,0
CUST-12014,18,77.66,1377.96,Two-Year,No,Yes,No,0
CUST-12015,12,101.18,1187.14,Month-to-Month,Yes,Yes,Yes,1
CUST-12016,10,79.2,803.31,Month-to-Month,No,Yes,Yes,1
CUST-12017,55,38.76,2172.9,Month-to-Month,No,Yes,Yes,0
CUST-12018,1,99.06,102.73,Month-to-Month,Yes,No,Yes,1
CUST-12019,26,106.02,2713.06,Month-to-Month,Yes,No,Yes,0
CUST-12020,72,120.0,8873.08,Month-to-Month,Yes,Yes,Yes,0
CUST-12021,19,36.91,705.59,Month-to-Month,Yes,Yes,No,1
CUST-12022,66,71.07,4870.19,Month-to-Month,No,No,No,1
CUST-12023,1,18.0,18.05,Month-to-Month,Yes,Yes,Yes,1
CUST-12024,13,78.83,1026.6,Month-to-Month,Yes,No,Yes,1
CUST-12025,7,51.29,361.83,Month-to-Month,No,No,Yes,1
CUST-12026,31,113.09,3593.19,One-Year,Yes,Yes,No,0
CUST-12027,72,45.63,3438.03,Month-to-Month,No,Yes,Yes,1
CUST-12028,7,22.77,152.59,One-Year,No,No,No,0
CUST-12029,25,53.22,1271.08,One-Year,Yes,Yes,Yes,0
CUST-12030,5,18.0,93.94,One-Year,No,Yes,Yes,0
CUST-12031,19,83.78,1596.58,Month-to-Month,No,Yes,No,0
CUST-12032,14,18.0,254.9,Month-to-Month,Yes,No,No,0
CUST-12033,72,65.71,4722.8,Month-to-Month,Yes,No,Yes,0
CUST-12034,22,18.0,379.91,One-Year,No,Yes,Yes,0
CUST-12035,10,56.99,585.18,Month-to-Month,No,No,No,1
CUST-12036,2,106.08,217.41,Two-Year,No,Yes,Yes,1
CUST-12037,3,74.02,217.88,Two-Year,Yes,No,No,0
CUST-12038,6,43.41,255.41,Month-to-Month,No,Yes,No,0
CUST-12039,6,64.22,398.34,Month-to-Month,No,No,No,1
CUST-12040,45,65.45,2819.3,One-Year,No,No,Yes,1
CUST-12041,19,76.82,1515.21,Month-to-Month,No,Yes,Yes,0
CUST-12042,17,30.83,511.36,Month-to-Month,No,Yes,No,0
CUST-12043,2,79.81,161.1,Two-Year,No,Yes,Yes,0
CUST-12044,47,18.0,882.89,Month-to-Month,No,Yes,Yes,0
CUST-12045,30,49.25,1503.82,Two-Year,No,Yes,No,0
CUST-12046,1,52.79,52.34,One-Year,Yes,No,Yes,0
CUST-12047,29,80.83,2388.5,One-Year,No,No,No,1
CUST-12048,18,65.57,1161.85,Month-to-Month,No,Yes,No,0
CUST-12049,2,29.86,58.39,Month-to-Month,Yes,No,No,0
CUST-12050,14,40.38,593.4,Month-to-Month,No,No,No,1
CUST-12051,15,69.97,1075.87,Month-to-Month,Yes,No,Yes,1
CUST-12052,4,63.02,255.73,Month-to-Month,No,Yes,Yes,1
CUST-12053,69,50.52,3435.44,Month-to-Month,No,Yes,No,0
CUST-12054,45,52.98,2276.62,Month-to-Month,Yes,No,Yes,0
CUST-12055,26,82.4,2041.93,Month-to-Month,No,Yes,No,1
CUST-12056,14,52.06,732.79,One-Year,Yes,No,No,0
CUST-12057,12,62.8,773.35,Month-to-Month,No,No,Yes,0
CUST-12058,25,119.25,2992.39,Month-to-Month,No,Yes,No,0
CUST-12059,18,29.41,547.42,One-Year,Yes,Yes,Yes,0
CUST-12060,1,18.7,17.83,Two-Year,Yes,No,Yes,0
CUST-12061,17,84.59,1418.87,Month-to-Month,Yes,No,No,1
CUST-12062,39,48.03,1823.92,Month-to-Month,No,No,No,0
CUST-12063,14,57.04,794.35,One-Year,No,Yes,Yes,0
CUST-12064,1,45.47,43.53,Two-Year,Yes,No,Yes,0
CUST-12065,37,58.5,2262.8,One-Year,Yes,No,Yes,0
CUST-12066,5,104.96,510.28,One-Year,Yes,No,Yes,0
CUST-12067,7,85.05,620.49,Month-to-Month,No,Yes,Yes,1
CUST-12068,4,86.56,343.67,Month-to-Month,No,Yes,Yes,0
CUST-12069,9,29.59,279.24,Month-to-Month,Yes,Yes,No,0
CUST-12070,33,36.22,1201.72,One-Year,No,No,No,0
CUST-12071,17,18.0,319.18,One-Year,Yes,No,Yes,0
CUST-12072,5,44.77,212.78,Two-Year,No,No,Yes,0
CUST-12073,50,88.92,4556.37,Month-to-Month,No,No,No,0
CUST-12074,50,77.92,4053.03,Month-to-Month,No,Yes,No,0
CUST-12075,49,59.46,2808.57,Month-to-Month,No,Yes,No,0
CUST-12076,6,64.44,371.02,One-Year,No,Yes,Yes,1
CUST-12077,14,47.78,663.87,One-Year,No,Yes,Yes,1
CUST-12078,72,70.12,5267.59,Month-to-Month,No,No,Yes,0
CUST-12079,35,84.15,2957.73,Month-to-Month,Yes,No,No,0
CUST-12080,1,24.6,24.67,Month-to-Month,Yes,Yes,Yes,0
CUST-12081,1,72.49,69.89,Month-to-Month,Yes,No,Yes,1
CUST-12082,14,88.31,1174.62,Two-Year,No,No,Yes,0
CUST-12083,57,54.62,3209.9,Month-to-Month,Yes,No,Yes,0
CUST-12084,18,82.52,1424.1,One-Year,Yes,Yes,No,0
CUST-12085,16,120.0,1945.7,One-Year,No,No,Yes,1
CUST-12086,2,62.39,129.95,One-Year,Yes,Yes,No,1
CUST-12087,25,74.83,1816.25,Month-to-Month,No,No,Yes,0
CUST-12088,41,46.55,1940.09,Two-Year,No,Yes,Yes,0
CUST-12089,11,69.53,732.61,Month-to-Month,No,Yes,Yes,1
CUST-12090,35,76.51,2705.63,Month-to-Month,No,No,Yes,1
CUST-12091,72,69.87,4861.58,Month-to-Month,No,No,Yes,0
CUST-12092,5,39.51,202.21,Month-to-Month,No,No,No,0
CUST-12093,17,70.16,1169.01,Month-to-Month,Yes,No,No,0
CUST-12094,8,101.55,809.43,Month-to-Month,No,Yes,Yes,1
CUST-12095,37,76.22,2848.18,Two-Year,Yes,Yes,Yes,0
CUST-12096,20,89.05,1722.45,Month-to-Month,Yes,No,No,0
CUST-12097,24,59.07,1451.94,One-Year,No,Yes,Yes,0
CUST-12098,38,83.75,3119.69,Two-Year,Yes,No,Yes,0
CUST-12099,12,71.98,877.79,Month-to-Month,Yes,Yes,Yes,0
CUST-12100,59,41.23,2349.44,One-Year,Yes,Yes,No,0
CUST-12101,18,72.96,1337.99,Month-to-Month,Yes,No,Yes,1
CUST-12102,4,40.21,154.86,Month-to-Month,Yes,Yes,Yes,0
CUST-12103,28,49.18,1366.76,Month-to-Month,Yes,No,Yes,0
CUST-12104,37,69.73,2514.79,Two-Year,No,No,Yes,0
CUST-12105,9,72.43,668.06,Month-to-Month,No,No,Yes,1
CUST-12106,46,35.27,1583.81,One-Year,Yes,No,No,0
CUST-12107,56,91.35,5310.87,Month-to-Month,No,Yes,No,0
CUST-12108,7,79.3,576.85,Two-Year,Yes,No,Yes,0
CUST-12109,72,47.38,3307.81,Month-to-Month,Yes,No,Yes,0
CUST-12110,3,26.56,80.59,One-Year,Yes,No,No,0
CUST-12111,5,61.38,294.25,One-Year,No,No,No,0
CUST-12112,4,53.85,213.06,One-Year,No,No,Yes,0
CUST-12113,53,67.83,3671.68,Two-Year,No,No,Yes,0
CUST-12114,25,55.92,1420.29,Two-Year,No,No,Yes,1
CUST-12115,3,18.0,54.67,Month-to-Month,No,Yes,Yes,1
CUST-12116,13,55.29,703.14,Month-to-Month,No,Yes,Yes,0
CUST-12117,22,57.36,1246.53,Month-to-Month,No,No,No,1
CUST-12118,2,80.84,155.26,Month-to-Month,Yes,Yes,Yes,1
CUST-12119,51,47.55,2478.16,Month-to-Month,Yes,Yes,No,0
CUST-12120,39,106.97,4173.45,Month-to-Month,No,Yes,No,0
CUST-12121,16,18.0,294.01,Month-to-Month,No,No,No,0
CUST-12122,72,97.78,6863.41,Two-Year,Yes,Yes,Yes,0
CUST-12123,12,59.39,700.17,Month-to-Month,Yes,No,Yes,0
CUST-12124,72,86.49,6124.04,Two-Year,No,Yes,No,0
CUST-12125,26,67.0,1659.38,Month-to-Month,No,No,No,1
CUST-12126,24,93.49,2208.09,One-Year,Yes,Yes,No,0
CUST-12127,4,55.32,227.99,Two-Year,No,No,Yes,0
CUST-12128,51,37.53,1990.07,Month-to-Month,No,Yes,Yes,0
CUST-12129,13,100.51,1309.01,Month-to-Month,No,No,No,1
CUST-12130,4,62.16,247.53,Month-to-Month,No,No,Yes,1
CUST-12131,1,70.54,67.23,Month-to-Month,No,No,Yes,0
CUST-12132,19,95.87,1890.6,Two-Year,Yes,No,Yes,0
CUST-12133,17,39.2,633.95,Two-Year,Yes,Yes,Yes,0
CUST-12134,30,79.89,2503.29,Month-to-Month,No,No,Yes,1
CUST-12135,53,50.25,2660.38,Month-to-Month,No,No,Yes,0
CUST-12136,1,61.7,60.72,Month-to-Month,Yes,No,Yes,0
CUST-12137,31,66.81,2158.97,Month-to-Month,No,No,No,1
CUST-12138,4,27.49,104.73,One-Year,No,No,Yes,0
CUST-12139,46,45.53,2111.43,Month-to-Month,Yes,No,Yes,0
CUST-12140,41,98.78,4069.8,Month-to-Month,Yes,Yes,No,0
CUST-12141,18,87.15,1524.67,Month-to-Month,Yes,No,Yes,0
CUST-12142,29,63.43,1826.39,Month-to-Month,No,No,Yes,0
CUST-12143,9,71.08,649.46,One-Year,No,No,No,0
CUST-12144,15,57.64,884.24,Month-to-Month,No,Yes,No,1
CUST-12145,41,98.91,3852.84,Two-Year,No,No,Yes,0
CUST-12146,14,59.99,876.55,Two-Year,No,No,Yes,0
CUST-12147,10,70.8,684.25,Month-to-Month,No,Yes,No,0
CUST-12148,16,93.65,1458.48,Month-to-Month,No,No,Yes,0
CUST-12149,42,45.57,1868.67,Two-Year,No,Yes,No,0
CUST-12150,9,103.97,892.48,Two-Year,No,No,No,0
CUST-12151,4,26.74,102.93,Two-Year,Yes,No,No,0
CUST-12152,29,105.74,3215.6,Month-to-Month,No,Yes,Yes,0
CUST-12153,41,55.68,2240.7,Two-Year,Yes,Yes,Yes,0
CUST-12154,2,58.93,113.33,Month-to-Month,No,No,No,1
CUST-12155,6,18.0,103.76,One-Year,No,Yes,Yes,0
CUST-12156,3,53.63,164.42,Two-Year,Yes,No,Yes,0
CUST-12157,10,39.0,403.83,Month-to-Month,Yes,No,No,1
CUST-12158,14,49.81,680.39,Two-Year,No,No,Yes,0
CUST-12159,33,61.57,1934.47,Month-to-Month,No,Yes,Yes,0
CUST-12160,25,88.94,2161.93,Two-Year,Yes,No,No,0
CUST-12161,23,70.19,1542.78,Month-to-Month,No,No,Yes,1
CUST-12162,10,72.69,698.07,Two-Year,Yes,Yes,Yes,0
CUST-12163,44,37.61,1643.51,Month-to-Month,Yes,Yes,Yes,0
CUST-12164,15,42.98,627.29,One-Year,Yes,Yes,No,0
CUST-12165,72,109.97,7930.47,Month-to-Month,Yes,No,Yes,1
CUST-12166,24,46.62,1091.3,Month-to-Month,No,Yes,Yes,0
CUST-12167,3,106.41,333.29,Month-to-Month,No,Yes,No,1
CUST-12168,27,58.92,1655.42,One-Year,No,No,No,1
CUST-12169,9,65.06,589.45,Month-to-Month,No,No,Yes,0
CUST-12170,27,91.76,2441.45,One-Year,Yes,No,No,0
CUST-12171,1,96.8,95.65,Month-to-Month,No,No,Yes,1
CUST-12172,4,62.23,246.73,Two-Year,Yes,Yes,No,0
CUST-12173,46,55.29,2601.22,Month-to-Month,No,No,Yes,0
CUST-12174,6,63.6,379.75,Month-to-Month,No,Yes,Yes,1
CUST-12175,43,73.45,3271.02,Month-to-Month,Yes,No,No,0
CUST-12176,7,87.28,638.09,Month-to-Month,No,No,Yes,1
CUST-12177,24,65.11,1537.0,Month-to-Month,Yes,Yes,Yes,0
CUST-12178,28,80.47,2266.84,Month-to-Month,Yes,No,Yes,0
CUST-12179,17,105.96,1728.38,Two-Year,Yes,No,No,0
CUST-12180,8,74.53,578.38,One-Year,Yes,Yes,Yes,0
CUST-12181,5,72.79,360.8,One-Year,Yes,No,Yes,0
CUST-12182,1,27.03,26.24,Month-to-Month,Yes,No,Yes,0
CUST-12183,8,18.0,149.42,One-Year,No,No,Yes,0
CUST-12184,25,74.71,1803.93,Month-to-Month,Yes,No,Yes,0
CUST-12185,66,62.63,4115.25,One-Year,No,No,Yes,0
CUST-12186,49,52.13,2581.37,Month-to-Month,No,Yes,Yes,0
CUST-12187,34,71.09,2463.43,Month-to-Month,No,Yes,Yes,1
CUST-12188,37,63.49,2321.66,Month-to-Month,Yes,No,No,0
CUST-12189,26,93.19,2512.37,Two-Year,Yes,Yes,No,0
CUST-12190,7,67.15,473.26,Month-to-Month,No,No,No,0
CUST-12191,57,46.33,2624.84,One-Year,No,Yes,Yes,0
CUST-12192,26,89.75,2232.52,Month-to-Month,No,Yes,No,0
CUST-12193,19,59.57,1127.83,One-Year,Yes,Yes,Yes,1
CUST-12194,2,78.16,161.33,Two-Year,No,No,No,0
CUST-12195,14,53.06,751.35,Month-to-Month,Yes,No,Yes,0
CUST-12196,14,48.75,705.17,Month-to-Month,No,Yes,Yes,0
CUST-12197,47,67.1,3151.81,Two-Year,No,No,Yes,0
CUST-12198,18,65.32,1130.9,Month-to-Month,Yes,Yes,Yes,0
CUST-12199,11,77.0,805.81,Month-to-Month,No,No,No,1
CUST-12200,72,58.28,4113.59,One-Year,Yes,Yes,No,0
CUST-12201,2,19.09,38.94,One-Year,No,No,No,0
CUST-12202,13,54.18,724.78,Month-to-Month,No,No,No,1
CUST-12203,1,84.85,83.12,Two-Year,No,No,Yes,0
CUST-12204,32,57.57,1841.44,Month-to-Month,Yes,Yes,Yes,0
CUST-12205,60,58.84,3502.55,Month-to-Month,Yes,No,No,0
CUST-12206,7,89.66,622.0,One-Year,No,No,Yes,1
CUST-12207,46,47.2,2112.87,Month-to-Month,No,No,No,0
CUST-12208,8,26.43,203.75,Month-to-Month,No,Yes,Yes,0
CUST-12209,57,60.98,3370.43,One-Year,Yes,Yes,Yes,0
CUST-12210,33,52.9,1668.07,Two-Year,Yes,No,No,0
CUST-12211,39,40.84,1544.68,Two-Year,No,Yes,Yes,0
CUST-12212,1,60.62,57.64,Two-Year,No,Yes,Yes,0
CUST-12213,72,77.29,5635.7,Two-Year,No,Yes,Yes,0
CUST-12214,31,64.77,1971.0,Month-to-Month,No,No,No,1
CUST-12215,8,72.67,608.87,Month-to-Month,No,Yes,Yes,0
CUST-12216,42,110.34,4492.34,Two-Year,Yes,No,Yes,0
CUST-12217,7,56.43,388.92,Month-to-Month,Yes,No,Yes,0
CUST-12218,49,71.96,3475.91,One-Year,No,Yes,Yes,1
CUST-12219,2,52.27,99.4,One-Year,No,Yes,Yes,0
CUST-12220,29,43.84,1314.49,Month-to-Month,No,Yes,Yes,1
CUST-12221,18,50.38,864.4,Two-Year,No,No,No,0
CUST-12222,2,53.03,110.73,Month-to-Month,Yes,No,No,0
CUST-12223,6,73.99,461.35,Month-to-Month,Yes,No,Yes,1
CUST-12224,1,120.0,120.43,Two-Year,No,Yes,No,0
CUST-12225,15,47.1,709.58,Month-to-Month,No,No,Yes,0
CUST-12226,8,54.58,443.35,Month-to-Month,No,No,Yes,1
CUST-12227,21,63.42,1316.78,Month-to-Month,No,No,Yes,0
CUST-12228,8,74.89,607.94,Two-Year,No,No,Yes,0
CUST-12229,8,71.59,546.65,One-Year,Yes,Yes,Yes,0
CUST-12230,32,97.1,2968.63,One-Year,No,No,Yes,0
CUST-12231,1,18.0,17.92,One-Year,No,Yes,No,0
CUST-12232,55,18.0,994.91,Month-to-Month,No,Yes,Yes,0
CUST-12233,45,52.6,2458.8,Two-Year,No,No,No,0
CUST-12234,26,92.43,2308.17,Two-Year,Yes,No,Yes,0
CUST-12235,21,25.86,560.58,Month-to-Month,Yes,No,Yes,0
CUST-12236,53,18.0,926.34,Month-to-Month,Yes,Yes,Yes,0
CUST-12237,4,79.28,313.76,Two-Year,Yes,Yes,Yes,0
CUST-12238,1,71.09,69.79,Two-Year,No,No,No,0
CUST-12239,6,37.74,224.18,Two-Year,No,No,No,1
CUST-12240,37,40.36,1441.13,Two-Year,No,Yes,Yes,0
CUST-12241,1,40.76,40.77,Month-to-Month,No,No,No,1
CUST-12242,20,67.76,1396.08,One-Year,Yes,Yes,No,0
CUST-12243,72,49.34,3531.71,Month-to-Month,No,No,No,0
CUST-12244,46,77.35,3554.76,Month-to-Month,Yes,No,Yes,1
CUST-12245,17,18.0,316.67,One-Year,Yes,Yes,No,0
CUST-12246,1,43.58,44.48,Month-to-Month,No,Yes,Yes,1
CUST-12247,42,36.85,1546.22,One-Year,No,No,No,0
CUST-12248,21,58.59,1200.58,Month-to-Month,No,No,Yes,0
CUST-12249,2,51.55,107.07,Month-to-Month,Yes,No,Yes,0
CUST-12250,2,84.95,171.21,Month-to-Month,No,No,Yes,1
CUST-12251,57,18.52,1026.2,Month-to-Month,Yes,Yes,Yes,0
CUST-12252,26,66.14,1679.94,Month-to-Month,Yes,No,No,0
CUST-12253,42,78.96,3416.85,Month-to-Month,No,Yes,Yes,0
CUST-12254,50,111.42,5317.04,Two-Year,No,No,Yes,0
CUST-12255,20,52.96,1111.32,Month-to-Month,No,Yes,No,0
CUST-12256,17,73.11,1196.93,Month-to-Month,No,No,Yes,0
CUST-12257,13,19.9,266.36,One-Year,No,Yes,Yes,0
CUST-12258,9,18.0,160.3,One-Year,No,Yes,Yes,0
CUST-12259,13,86.12,1118.69,Month-to-Month,No,Yes,Yes,1
CUST-12260,35,64.86,2356.51,One-Year,No,No,Yes,0
CUST-12261,22,94.46,2060.02,One-Year,No,No,Yes,0
CUST-12262,53,30.66,1631.07,Month-to-Month,No,No,No,0
CUST-12263,14,78.0,1042.78,Month-to-Month,Yes,Yes,No,0
CUST-12264,22,111.72,2335.52,Two-Year,No,No,Yes,0
CUST-12265,23,75.49,1691.96,Two-Year,No,No,Yes,0
CUST-12266,21,71.91,1537.38,One-Year,Yes,Yes,Yes,0
CUST-12267,29,65.21,1819.47,Month-to-Month,No,Yes,No,0
CUST-12268,6,25.73,148.42,Month-to-Month,Yes,No,Yes,0
CUST-12269,17,98.89,1666.16,One-Year,No,Yes,No,1
CUST-12270,2,49.73,100.93,Month-to-Month,No,Yes,Yes,1
CUST-12271,11,77.61,871.81,Month-to-Month,Yes,No,No,0
CUST-12272,16,25.92,401.38,One-Year,No,Yes,Yes,0
CUST-12273,25,35.51,850.43,Month-to-Month,No,No,No,0
CUST-12274,72,100.88,7583.24,One-Year,No,No,Yes,0
CUST-12275,22,56.32,1209.39,Two-Year,Yes,No,No,0
CUST-12276,32,101.33,3357.13,Month-to-Month,No,No,Yes,1
CUST-12277,16,63.04,1045.3,Two-Year,No,Yes,Yes,1
CUST-12278,24,18.95,467.19,Month-to-Month,No,No,Yes,1
CUST-12279,1,87.3,84.41,Two-Year,No,Yes,No,1
CUST-12280,7,50.25,363.07,Month-to-Month,No,No,No,0
CUST-12281,10,82.47,846.91,Month-to-Month,No,No,Yes,1
CUST-12282,15,65.63,993.97,One-Year,No,No,Yes,0
CUST-12283,1,26.42,25.99,Month-to-Month,Yes,No,Yes,0
CUST-12284,3,69.11,202.41,Two-Year,No,Yes,No,0
CUST-12285,7,119.91,807.63,Month-to-Month,No,Yes,No,1
CUST-12286,72,77.32,5572.47,Month-to-Month,No,No,No,0
CUST-12287,9,63.56,576.92,Month-to-Month,Yes,Yes,Yes,0
CUST-12288,15,91.88,1358.81,Month-to-Month,Yes,No,No,1
CUST-12289,5,70.27,350.48,Month-to-Month,Yes,Yes,No,1
CUST-12290,22,70.24,1524.19,One-Year,Yes,No,No,0
CUST-12291,7,37.71,267.69,One-Year,No,Yes,Yes,0
CUST-12292,5,70.85,368.46,Two-Year,Yes,No,No,0
CUST-12293,17,90.89,1493.2,Two-Year,No,No,Yes,0
CUST-12294,1,44.1,43.58,Month-to-Month,Yes,No,Yes,1
CUST-12295,1,100.61,97.0,One-Year,Yes,Yes,Yes,0
CUST-12296,5,62.71,317.47,Month-to-Month,No,No,Yes,1
CUST-12297,1,42.81,43.79,One-Year,Yes,Yes,Yes,1
CUST-12298,2,89.94,187.65,Month-to-Month,No,Yes,Yes,1
CUST-12299,9,57.83,508.96,Two-Year,Yes,Yes,Yes,0
CUST-12300,38,83.99,3335.31,One-Year,No,No,No,0
CUST-12301,20,57.71,1103.79,Two-Year,No,Yes,Yes,0
CUST-12302,17,63.5,1090.62,Two-Year,No,No,Yes,0
CUST-12303,8,77.34,591.32,Two-Year,Yes,No,Yes,0
CUST-12304,64,72.27,4807.41,Two-Year,No,Yes,No,0
CUST-12305,12,18.0,216.64,Month-to-Month,No,No,No,0
CUST-12306,2,36.97,75.19,Month-to-Month,No,No,Yes,1
CUST-12307,23,88.24,2096.81,Month-to-Month,No,Yes,No,0
CUST-12308,2,61.7,119.08,Month-to-Month,Yes,No,Yes,1
CUST-12309,10,51.91,495.15,Month-to-Month,No,No,No,1
CUST-12310,16,31.04,515.46,Month-to-Month,Yes,Yes,Yes,0
CUST-12311,49,38.01,1828.02,Month-to-Month,Yes,No,Yes,0
CUST-12312,16,18.0,277.31,Two-Year,No,Yes,Yes,0
CUST-12313,29,62.47,1805.92,Two-Year,Yes,Yes,Yes,0
CUST-12314,72,50.04,3638.3,Month-to-Month,Yes,No,Yes,0
CUST-12315,3,40.84,116.77,Month-to-Month,Yes,No,No,1
CUST-12316,7,63.3,433.13,Month-to-Month,No,No,No,1
CUST-12317,12,74.1,847.66,Month-to-Month,No,No,Yes,0
CUST-12318,13,117.33,1513.14,One-Year,No,No,Yes,1
CUST-12319,12,27.2,339.3,Month-to-Month,Yes,No,Yes,1
CUST-12320,57,93.98,5615.41,One-Year,No,Yes,Yes,0
CUST-12321,30,89.33,2716.63,Two-Year,No,No,No,1
CUST-12322,22,45.52,967.56,Two-Year,No,No,Yes,0
CUST-12323,8,70.08,583.39,Month-to-Month,Yes,Yes,No,1
CUST-12324,41,53.56,2199.53,One-Year,No,No,Yes,0
CUST-12325,72,69.64,4840.47,Month-to-Month,No,Yes,Yes,0
CUST-12326,41,102.73,4389.56,Month-to-Month,Yes,No,Yes,0
CUST-12327,1,80.14,82.2,Month-to-Month,Yes,No,Yes,1
CUST-12328,24,77.72,1908.5,Month-to-Month,Yes,No,Yes,1
CUST-12329,1,54.24,55.37,Month-to-Month,No,Yes,No,1
CUST-12330,7,27.9,189.45,Month-to-Month,Yes,No,Yes,0
CUST-12331,1,59.79,58.06,One-Year,No,Yes,Yes,1
CUST-12332,22,95.17,2133.16,One-Year,Yes,No,No,0
CUST-12333,27,26.82,703.84,Month-to-Month,No,No,Yes,0
CUST-12334,2,38.62,76.77,Month-to-Month,Yes,No,No,0
CUST-12335,11,68.16,770.9,Two-Year,No,No,Yes,0
CUST-12336,14,40.38,581.37,Month-to-Month,No,No,Yes,1
CUST-12337,11,45.19,494.77,Two-Year,Yes,Yes,No,0
CUST-12338,3,54.41,168.0,One-Year,No,Yes,No,0
CUST-12339,13,30.86,414.76,Month-to-Month,Yes,No,Yes,1
CUST-12340,33,40.65,1362.21,Month-to-Month,No,No,Yes,0
CUST-12341,1,82.59,80.35,Month-to-Month,No,Yes,No,1
CUST-12342,2,32.32,63.18,Month-to-Month,Yes,No,Yes,1
CUST-12343,10,25.05,245.86,Month-to-Month,Yes,Yes,Yes,0
CUST-12344,68,49.25,3220.67,One-Year,Yes,Yes,No,0
CUST-12345,26,83.3,2116.67,Month-to-Month,No,No,No,0
CUST-12346,27,60.08,1575.04,Month-to-Month,No,Yes,No,0
CUST-12347,10,53.39,531.52,One-Year,No,Yes,No,1
CUST-12348,21,66.11,1445.01,Month-to-Month,Yes,Yes,No,0
CUST-12349,1,21.36,20.52,Month-to-Month,Yes,No,No,1
CUST-12350,24,77.37,1897.78,Month-to-Month,No,No,No,1
CUST-12351,58,74.59,4407.24,Month-to-Month,Yes,No,Yes,0
CUST-12352,22,54.77,1156.23,One-Year,No,Yes,Yes,1
CUST-12353,49,90.15,4604.02,Month-to-Month,Yes,No,No,0
CUST-12354,30,36.81,1111.86,One-Year,Yes,No,No,0
CUST-12355,3,93.2,275.79,Month-to-Month,No,No,Yes,1
CUST-12356,55,68.86,3884.46,Month-to-Month,No,No,Yes,0
CUST-12357,1,56.59,55.22,Month-to-Month,No,Yes,No,1
CUST-12358,18,64.5,1183.47,One-Year,Yes,No,Yes,0
CUST-12359,3,62.32,178.35,Month-to-Month,Yes,Yes,Yes,1
CUST-12360,1,95.51,98.75,Month-to-Month,No,Yes,No,1
CUST-12361,13,38.08,492.47,One-Year,No,No,No,0
CUST-12362,8,45.94,372.54,Month-to-Month,No,No,No,0
CUST-12363,15,90.91,1325.64,Month-to-Month,Yes,No,No,0
CUST-12364,20,50.11,1019.95,One-Year,No,No,Yes,0
CUST-12365,1,87.51,89.89,Month-to-Month,No,Yes,No,1
CUST-12366,3,107.49,321.61,One-Year,No,Yes,Yes,1
CUST-12367,19,54.96,1056.53,Month-to-Month,No,Yes,No,0
CUST-12368,10,82.03,816.72,One-Year,No,No,Yes,0
CUST-12369,31,36.16,1165.14,One-Year,No,No,Yes,0
CUST-12370,25,83.87,2096.3,Month-to-Month,No,Yes,Yes,1
CUST-12371,44,69.99,3184.82,One-Year,No,No,Yes,0
CUST-12372,28,76.83,2216.07,Two-Year,No,Yes,No,0
CUST-12373,13,48.86,629.5,Month-to-Month,No,No,No,0
CUST-12374,26,23.47,593.75,Month-to-Month,No,No,No,0
CUST-12375,7,77.58,537.96,One-Year,Yes,Yes,No,1
CUST-12376,8,18.0,148.7,One-Year,Yes,No,Yes,0
CUST-12377,37,57.07,2054.08,Month-to-Month,Yes,No,No,0
CUST-12378,14,88.53,1242.45,Two-Year,Yes,No,No,0
CUST-12379,38,69.8,2733.59,Month-to-Month,Yes,No,No,0
CUST-12380,41,113.71,4593.8,One-Year,Yes,Yes,Yes,0
CUST-12381,46,90.63,4228.27,One-Year,Yes,No,No,0
CUST-12382,59,48.65,2797.34,Two-Year,No,No,No,0
CUST-12383,13,65.68,820.48,Month-to-Month,Yes,Yes,Yes,1
CUST-12384,9,63.82,591.29,One-Year,Yes,Yes,No,0
CUST-12385,20,25.45,488.59,Month-to-Month,No,No,No,0
CUST-12386,11,41.49,445.96,Month-to-Month,No,Yes,Yes,1
CUST-12387,22,50.98,1161.39,Month-to-Month,No,No,No,1
CUST-12388,29,18.0,513.99,One-Year,No,No,No,1
CUST-12389,27,66.19,1871.67,Month-to-Month,No,No,No,0
CUST-12390,11,58.77,677.48,Month-to-Month,No,Yes,Yes,0
CUST-12391,4,23.18,90.57,One-Year,No,Yes,No,1
CUST-12392,13,75.11,931.61,One-Year,No,Yes,Yes,0
CUST-12393,3,82.9,253.8,One-Year,No,No,Yes,1
CUST-12394,52,70.68,3657.35,Two-Year,No,No,No,0
CUST-12395,10,56.9,546.28,Month-to-Month,No,No,No,0
CUST-12396,4,79.79,325.78,Two-Year,Yes,No,No,0
CUST-12397,1,82.01,78.17,Two-Year,No,Yes,Yes,1
CUST-12398,24,72.69,1809.14,Month-to-Month,No,Yes,Yes,0
CUST-12399,24,44.38,1026.63,Month-to-Month,No,No,No,0
CUST-12400,9,71.92,623.16,Month-to-Month,No,No,Yes,1
CUST-12401,1,94.89,91.81,Month-to-Month,No,Yes,No,1
CUST-12402,12,50.08,628.62,One-Year,No,Yes,No,1
CUST-12403,8,117.45,957.75,One-Year,No,Yes,No,0
CUST-12404,27,51.86,1442.42,One-Year,Yes,Yes,Yes,0
CUST-12405,22,65.81,1433.0,Month-to-Month,No,No,No,0
CUST-12406,10,48.19,474.01,Month-to-Month,Yes,No,No,0
CUST-12407,5,70.58,343.53,Two-Year,Yes,No,Yes,0
CUST-12408,72,21.44,1540.69,Month-to-Month,No,No,Yes,0
CUST-12409,14,51.35,722.63,Two-Year,Yes,No,Yes,0
CUST-12410,27,37.7,1031.31,Month-to-Month,No,No,Yes,1
CUST-12411,3,68.38,200.16,Two-Year,Yes,Yes,No,1
CUST-12412,15,89.86,1408.37,Month-to-Month,Yes,No,No,0
CUST-12413,1,81.15,78.47,Month-to-Month,No,Yes,No,0
CUST-12414,16,18.0,301.41,Month-to-Month,Yes,Yes,Yes,0
CUST-12415,72,116.05,7950.23,One-Year,No,Yes,No,0
CUST-12416,11,72.38,794.68,Two-Year,No,No,Yes,0
CUST-12417,1,45.59,44.83,Month-to-Month,No,Yes,No,1
CUST-12418,1,68.93,68.58,Two-Year,No,Yes,No,0
CUST-12419,11,69.4,768.79,One-Year,No,No,No,1
CUST-12420,4,48.33,192.07,One-Year,No,No,No,0
CUST-12421,1,69.95,69.35,Two-Year,No,No,No,1
CUST-12422,33,49.81,1681.98,Month-to-Month,Yes,No,No,1
CUST-12423,14,54.89,782.74,Month-to-Month,No,Yes,No,0
CUST-12424,8,47.84,395.47,Two-Year,No,Yes,Yes,0
CUST-12425,55,29.18,1564.77,Two-Year,No,No,No,0
CUST-12426,2,68.65,138.8,Two-Year,No,No,No,0
CUST-12427,72,79.63,5782.21,Two-Year,No,No,Yes,0
CUST-12428,9,77.87,691.7,Month-to-Month,No,No,Yes,1
CUST-12429,52,85.5,4439.8,Two-Year,No,No,No,0
CUST-12430,22,73.11,1578.47,Month-to-Month,Yes,No,Yes,0
CUST-12431,42,51.68,2092.82,Two-Year,Yes,Yes,Yes,0
CUST-12432,72,85.99,6014.09,Month-to-Month,No,Yes,No,0
CUST-12433,8,31.06,238.68,One-Year,No,No,No,1
CUST-12434,72,42.48,3114.55,Month-to-Month,Yes,Yes,No,0
CUST-12435,11,40.89,457.02,Month-to-Month,Yes,Yes,Yes,0
CUST-12436,11,92.0,1057.6,Month-to-Month,Yes,Yes,Yes,1
CUST-12437,9,88.57,815.44,Two-Year,No,Yes,Yes,0
CUST-12438,18,77.18,1327.01,Two-Year,No,Yes,Yes,0
CUST-12439,4,91.8,381.31,Month-to-Month,No,Yes,Yes,1
CUST-12440,19,43.02,847.02,One-Year,Yes,No,No,0
CUST-12441,18,73.71,1319.26,One-Year,Yes,No,Yes,0
CUST-12442,34,61.87,2121.64,Month-to-Month,Yes,No,Yes,0
CUST-12443,43,86.17,3881.71,Month-to-Month,Yes,No,Yes,0
CUST-12444,13,62.12,810.17,Two-Year,No,Yes,Yes,1
CUST-12445,8,55.38,461.0,One-Year,No,Yes,Yes,1
CUST-12446,7,78.52,526.72,Month-to-Month,Yes,Yes,Yes,1
CUST-12447,5,86.9,421.08,One-Year,Yes,No,No,0
CUST-12448,1,48.29,48.0,Month-to-Month,Yes,No,Yes,0
CUST-12449,10,63.47,640.08,Month-to-Month,No,Yes,Yes,0
CUST-12450,7,38.54,278.31,Month-to-Month,Yes,Yes,Yes,0
CUST-12451,72,18.0,1359.28,Month-to-Month,Yes,No,Yes,0
CUST-12452,19,70.01,1315.41,One-Year,Yes,No,Yes,0
CUST-12453,10,80.22,765.89,Two-Year,No,No,Yes,0
CUST-12454,20,71.55,1474.1,Month-to-Month,No,Yes,Yes,1
CUST-12455,3,18.0,54.56,Month-to-Month,No,Yes,No,0
CUST-12456,14,56.23,763.49,One-Year,Yes,No,Yes,1
CUST-12457,23,18.0,413.79,Two-Year,No,No,Yes,0
CUST-12458,16,99.24,1626.31,One-Year,No,No,Yes,0
CUST-12459,12,37.85,466.48,Two-Year,Yes,No,Yes,0
CUST-12460,72,96.39,6939.82,Month-to-Month,Yes,No,Yes,0
CUST-12461,50,88.65,4346.16,One-Year,No,No,Yes,0
CUST-12462,23,42.49,1023.57,Month-to-Month,Yes,Yes,Yes,0
CUST-12463,20,36.68,745.58,Month-to-Month,No,Yes,Yes,0
CUST-12464,23,73.76,1680.91,Month-to-Month,No,No,Yes,1
CUST-12465,5,43.89,214.63,Month-to-Month,No,Yes,Yes,1
CUST-12466,12,67.56,829.46,Two-Year,Yes,No,Yes,0
CUST-12467,1,52.93,51.57,Two-Year,No,No,No,0
CUST-12468,15,20.47,296.97,Month-to-Month,No,No,No,0
CUST-12469,18,18.0,324.97,Month-to-Month,Yes,Yes,No,0
CUST-12470,6,70.67,415.12,Month-to-Month,No,Yes,No,1
CUST-12471,72,50.96,3716.42,Month-to-Month,Yes,No,No,0
CUST-12472,57,51.17,2805.25,One-Year,Yes,No,No,0
CUST-12473,30,82.4,2510.3,Two-Year,No,No,No,0
CUST-12474,18,94.34,1661.32,Two-Year,Yes,No,Yes,0
CUST-12475,48,58.19,2653.53,One-Year,Yes,Yes,Yes,0
CUST-12476,3,56.49,163.15,Two-Year,Yes,No,No,0
CUST-12477,37,77.5,2991.84,Month-to-Month,No,No,No,0
CUST-12478,3,31.08,96.67,Month-to-Month,No,No,Yes,0
CUST-12479,37,70.58,2541.89,Month-to-Month,Yes,Yes,No,0
CUST-12480,7,78.8,566.95,One-Year,No,Yes,Yes,0
CUST-12481,50,82.01,4145.02,One-Year,Yes,No,Yes,0
CUST-12482,69,18.0,1300.49,Month-to-Month,No,No,Yes,0
CUST-12483,3,45.97,136.17,Month-to-Month,No,No,Yes,1
CUST-12484,14,43.04,613.49,Month-to-Month,No,Yes,Yes,1
CUST-12485,72,67.5,4647.88,Two-Year,No,Yes,No,0
CUST-12486,15,77.02,1143.31,Month-to-Month,No,No,No,0
CUST-12487,47,102.42,5037.01,One-Year,Yes,Yes,No,0
CUST-12488,21,52.63,1109.54,One-Year,No,No,Yes,0
CUST-12489,11,52.56,565.9,Month-to-Month,Yes,No,No,1
CUST-12490,8,93.74,721.44,One-Year,No,No,Yes,1
CUST-12491,5,72.41,369.42,Two-Year,Yes,Yes,Yes,0
CUST-12492,34,96.69,3335.08,Month-to-Month,Yes,No,No,1
CUST-12493,11,72.22,784.41,Two-Year,Yes,Yes,Yes,0
CUST-12494,17,36.07,640.84,Month-to-Month,Yes,Yes,Yes,0
CUST-12495,16,31.67,482.51,Month-to-Month,No,No,Yes,0
CUST-12496,20,26.21,513.91,Two-Year,No,No,No,0
CUST-12497,48,81.55,4079.22,Two-Year,No,No,Yes,0
CUST-12498,72,94.71,6697.01,Two-Year,No,Yes,No,1
CUST-12499,12,111.23,1301.69,One-Year,No,Yes,No,0
