age,job,annual_balance,housing_loan,personal_loan,call_duration_seconds,campaign_contacts,subscribed
46,retired,2688.03,no,no,591,1,1
39,admin,3440.32,no,no,10,4,0
48,services,431.58,no,yes,312,1,0
57,blue-collar,3280.09,no,no,805,4,0
38,admin,541.29,no,no,318,3,0
38,management,1125.2,yes,no,1326,3,1
58,admin,72.56,yes,no,302,1,0
49,management,62.82,yes,no,10,3,0
35,services,1784.02,yes,no,456,2,0
46,retired,822.99,yes,yes,87,2,0
35,technician,414.55,yes,no,153,1,0
35,management,295.72,yes,no,97,1,0
43,admin,1551.93,no,no,81,1,0
19,technician,0.56,no,no,146,3,0
22,services,2295.07,yes,no,123,3,0
34,management,115.59,yes,no,260,3,0
29,management,297.59,yes,no,436,1,1
44,retired,683.4,yes,no,91,1,0
31,admin,928.64,no,no,62,1,0
25,services,613.9,yes,no,285,6,0
57,technician,541.39,no,no,288,3,1
38,admin,4650.67,no,yes,601,1,0
41,blue-collar,1436.47,no,yes,10,4,0
25,blue-collar,33.2,yes,no,498,1,0
35,admin,787.4,no,no,191,1,0
42,blue-collar,2911.32,yes,no,252,2,0
28,technician,502.26,yes,no,24,1,0
45,technician,139.06,yes,no,147,2,0
34,admin,1988.57,yes,no,67,1,0
37,management,1304.02,yes,no,76,1,0
34,admin,1182.58,yes,no,182,3,0
61,management,77.09,no,no,435,3,0
40,blue-collar,211.96,no,no,354,2,0
29,admin,1364.04,yes,no,232,1,0
50,management,326.16,yes,no,201,1,0
27,management,981.85,no,no,144,2,0
43,management,1102.08,yes,no,936,1,1
19,blue-collar,466.74,no,no,213,2,0
26,services,4150.61,no,no,76,4,0
43,management,2587.34,yes,no,67,1,0
49,admin,1794.07,yes,no,245,4,0
42,technician,113.68,yes,yes,192,1,0
39,blue-collar,157.07,yes,no,10,1,0
37,retired,950.34,yes,no,460,1,0
24,technician,245.28,no,no,316,1,1
33,blue-collar,5360.39,yes,yes,281,1,0
35,management,241.63,yes,no,18,5,0
52,management,935.75,no,no,116,1,0
44,technician,633.85,yes,no,712,1,1
21,management,1427.93,yes,yes,516,1,0
44,blue-collar,193.42,yes,no,87,3,0
36,technician,787.74,yes,no,44,2,0
33,blue-collar,449.65,no,no,155,2,0
47,management,3061.86,yes,no,114,2,0
52,technician,58.01,no,no,298,3,0
51,blue-collar,3430.34,yes,yes,882,1,1
31,retired,2505.62,yes,no,117,1,0
37,management,494.49,yes,no,16,1,0
44,services,2180.19,no,no,592,3,1
51,blue-collar,44.4,yes,no,10,4,0
35,blue-collar,4770.05,yes,no,793,3,1
38,blue-collar,1046.93,no,yes,284,1,0
28,management,505.92,yes,no,738,3,1
27,management,630.46,yes,yes,57,3,0
49,blue-collar,96.2,no,no,10,1,0
55,technician,6359.01,yes,no,174,3,0
40,services,56.12,no,no,155,4,0
52,technician,1489.52,yes,no,104,1,0
44,management,818.6,no,no,822,3,1
33,admin,4164.0,no,yes,449,2,0
44,technician,395.31,yes,no,281,1,0
57,blue-collar,1063.26,no,no,46,5,0
40,admin,921.86,no,no,344,1,0
58,services,1699.0,yes,no,337,1,0
18,admin,98.61,yes,no,143,2,0
50,admin,301.57,no,no,672,1,1
41,admin,338.12,no,no,47,4,0
37,retired,1875.98,yes,no,80,1,0
42,technician,293.52,no,no,16,1,0
19,management,1192.97,yes,no,412,2,0
38,technician,339.34,no,no,252,1,0
44,management,2768.9,no,no,98,3,0
57,blue-collar,3990.72,no,no,46,5,0
35,blue-collar,1023.17,yes,no,10,1,0
32,blue-collar,608.08,no,no,47,2,0
35,management,373.31,yes,no,156,3,0
51,admin,71.49,yes,no,73,3,1
44,technician,437.72,yes,no,77,3,0
35,blue-collar,1486.8,no,no,541,2,1
46,blue-collar,1067.85,yes,no,188,1,0
42,technician,4036.4,yes,no,339,2,0
51,management,706.5,no,yes,10,3,0
33,management,1657.21,no,no,118,2,0
37,services,940.82,no,no,169,1,0
36,services,1006.07,no,yes,53,3,0
24,blue-collar,436.33,yes,no,33,4,0
44,management,849.63,no,no,531,1,1
43,technician,890.9,no,no,729,4,1
41,admin,1716.91,yes,no,21,1,0
38,admin,3953.79,yes,no,111,3,0
25,management,559.25,yes,yes,825,3,1
36,management,60.36,yes,no,22,3,0
37,admin,960.07,no,no,268,3,0
32,technician,1100.78,no,no,931,2,1
39,technician,258.23,no,no,995,1,1
45,management,2000.68,yes,no,165,3,0
61,blue-collar,5872.99,yes,no,46,1,0
42,services,4080.45,no,no,58,3,0
43,retired,307.35,yes,no,572,3,1
40,blue-collar,2915.29,no,no,630,3,1
19,blue-collar,1706.69,yes,yes,243,2,0
40,management,846.8,no,no,377,3,0
41,blue-collar,1089.0,yes,yes,350,1,0
68,technician,2652.24,yes,no,281,2,0
38,blue-collar,915.86,yes,no,456,1,1
44,technician,654.0,no,no,300,4,0
40,management,951.63,no,yes,198,3,0
28,management,1211.6,yes,no,70,4,0
53,technician,293.42,no,no,354,4,0
49,management,3236.39,no,no,166,4,1
49,management,1570.0,no,no,90,4,0
30,retired,1404.38,no,no,420,1,0
56,technician,146.72,yes,no,310,1,0
25,blue-collar,1297.49,yes,no,720,1,1
47,services,180.5,no,no,47,4,0
65,retired,114.75,no,no,272,3,0
30,blue-collar,1049.04,no,no,72,1,0
34,admin,721.67,no,no,608,1,0
42,technician,1244.18,yes,no,27,2,0
35,technician,130.84,no,no,277,1,0
23,technician,789.38,yes,no,407,1,0
41,admin,268.96,no,yes,113,6,0
29,admin,6090.75,yes,no,801,1,1
46,technician,1153.04,no,no,494,2,0
30,management,1628.13,yes,no,90,1,0
58,blue-collar,551.13,yes,no,10,1,0
32,management,139.34,yes,no,91,1,0
37,blue-collar,5214.07,no,yes,85,2,1
49,admin,472.13,no,no,573,1,1
27,admin,771.84,yes,no,887,1,1
43,admin,1469.21,no,no,18,1,0
55,services,35.01,no,no,165,3,0
23,blue-collar,2326.93,yes,no,206,1,0
43,admin,1076.76,yes,no,25,1,0
43,blue-collar,456.44,no,no,123,3,0
49,management,89.02,no,no,99,3,0
27,management,248.26,yes,no,199,1,0
26,technician,3155.76,no,no,281,1,0
46,technician,1621.82,yes,no,316,4,0
44,blue-collar,402.57,yes,no,38,2,0
43,services,94.99,yes,no,435,1,0
44,management,1642.44,yes,yes,295,3,0
33,management,1189.42,no,no,571,1,1
43,retired,725.74,no,no,155,1,0
44,management,632.72,yes,no,583,4,1
33,blue-collar,342.14,yes,yes,522,4,0
61,blue-collar,1550.48,no,no,150,1,0
46,blue-collar,4940.71,no,no,124,2,0
27,management,270.53,no,no,702,4,1
48,management,1272.75,no,yes,326,2,1
30,management,772.76,yes,no,684,2,1
49,blue-collar,828.57,no,yes,414,1,0
53,blue-collar,410.52,yes,no,244,2,0
31,management,2441.24,yes,no,32,1,0
51,blue-collar,929.72,yes,no,89,3,0
45,services,1097.54,yes,no,901,4,1
50,management,508.9,no,no,100,3,0
61,blue-collar,280.92,no,no,25,1,0
38,admin,125.76,yes,no,319,1,0
32,technician,1753.05,yes,yes,344,1,0
31,technician,305.83,yes,no,87,4,0
32,blue-collar,1640.0,yes,no,91,1,0
40,services,692.88,no,no,164,2,0
44,admin,752.46,no,no,10,1,0
44,blue-collar,886.66,no,no,404,5,0
50,admin,641.77,no,no,99,2,0
41,technician,148.47,no,no,499,1,1
56,blue-collar,518.74,yes,yes,421,3,0
38,blue-collar,1525.8,yes,yes,281,4,0
70,management,1534.36,yes,no,102,1,0
47,admin,472.06,no,no,188,1,0
31,blue-collar,862.93,no,yes,153,4,0
29,technician,300.98,yes,no,107,4,0
46,services,330.67,yes,no,490,1,1
38,management,32.64,yes,no,171,2,0
48,technician,3178.8,no,no,464,3,1
46,management,331.26,yes,no,28,2,0
40,admin,361.43,no,no,39,3,0
31,admin,459.13,no,no,984,2,1
24,technician,190.8,yes,no,230,8,0
36,admin,1427.45,no,yes,185,2,1
50,technician,109.36,no,no,192,1,0
43,admin,201.75,yes,no,63,1,0
27,blue-collar,1448.93,no,no,329,1,0
42,technician,581.0,yes,no,23,1,0
45,retired,1723.15,yes,yes,221,2,0
31,technician,1141.2,no,no,219,1,1
42,management,414.04,no,no,638,3,1
41,blue-collar,1473.07,no,no,194,2,0
28,retired,173.05,no,yes,38,1,0
44,technician,1076.26,no,yes,221,1,0
47,management,804.63,no,no,24,2,1
52,technician,436.52,no,no,59,4,0
52,blue-collar,1296.9,no,yes,10,2,0
25,management,2870.75,yes,no,187,2,0
30,blue-collar,9543.42,no,no,22,1,0
46,retired,1310.24,yes,yes,164,1,0
46,blue-collar,726.18,yes,no,702,1,1
46,technician,357.22,yes,no,330,1,0
80,technician,416.06,no,no,20,2,0
47,management,914.03,yes,no,66,2,0
53,services,640.81,yes,no,291,4,0
51,technician,3431.76,no,no,585,3,0
48,technician,643.07,yes,no,10,4,0
37,blue-collar,654.53,no,no,435,5,1
49,technician,677.25,yes,no,214,3,0
32,blue-collar,2536.35,yes,no,205,2,0
38,management,1472.91,yes,no,823,1,1
35,admin,1333.3,no,no,357,3,0
41,retired,569.35,yes,no,493,2,1
66,blue-collar,2384.51,no,no,113,1,0
20,retired,54.77,yes,no,210,4,0
48,management,2864.92,yes,no,248,3,0
23,blue-collar,1006.57,yes,no,100,2,0
35,blue-collar,711.08,yes,no,219,1,0
52,blue-collar,962.5,no,yes,70,1,0
41,technician,1541.21,no,no,40,6,0
29,technician,17.99,no,no,121,1,0
33,management,2873.12,yes,no,349,3,0
48,technician,828.7,yes,no,644,2,1
32,management,588.03,yes,no,159,4,0
43,admin,208.3,no,no,267,1,0
41,management,810.41,yes,no,28,2,0
33,management,960.15,no,yes,610,3,0
64,blue-collar,723.69,yes,no,218,1,0
47,blue-collar,1589.36,yes,no,394,1,0
18,services,764.78,yes,no,411,1,0
43,blue-collar,4556.94,yes,yes,77,4,0
33,technician,1280.28,no,no,195,2,0
50,admin,2306.56,yes,no,840,1,1
32,blue-collar,162.13,no,no,24,1,0
39,management,708.85,yes,no,298,2,0
46,blue-collar,575.05,no,no,852,1,1
50,services,1179.87,yes,no,92,3,0
27,technician,2763.74,no,no,513,4,1
37,technician,114.21,no,no,705,2,1
35,management,105.48,no,no,357,2,1
33,management,2658.94,yes,yes,68,4,0
60,technician,335.07,no,no,105,1,0
45,blue-collar,1546.85,yes,yes,10,1,0
27,management,1095.93,yes,no,462,2,0
51,retired,2504.77,yes,no,492,1,0
64,admin,187.09,yes,no,260,1,0
52,blue-collar,194.62,no,no,113,3,0
24,services,1139.29,yes,no,20,5,0
35,management,4096.13,no,no,363,3,0
54,blue-collar,750.6,no,no,337,1,0
33,blue-collar,554.29,yes,yes,633,2,0
45,services,1306.42,no,no,340,6,0
49,admin,3731.96,yes,no,458,1,0
30,technician,2538.99,no,no,356,2,1
40,retired,7560.06,yes,yes,258,4,0
18,management,31.96,no,no,144,3,0
29,services,167.65,no,no,604,2,1
38,retired,1316.34,no,no,273,1,0
27,management,2405.21,yes,no,132,5,0
58,admin,470.14,yes,no,22,1,0
25,management,382.76,yes,no,89,1,0
36,technician,2164.89,yes,no,204,2,0
42,blue-collar,81.25,yes,no,83,2,1
56,blue-collar,645.48,no,no,65,4,0
25,retired,986.77,yes,yes,194,3,0
53,admin,1150.48,yes,no,48,2,0
41,blue-collar,1825.9,no,yes,418,2,1
30,admin,613.57,no,no,172,1,0
46,retired,1327.92,yes,no,221,1,0
43,management,1232.53,yes,yes,41,1,0
34,retired,1110.51,yes,yes,102,6,0
41,management,1432.19,yes,no,137,1,0
36,admin,420.51,no,no,429,3,0
42,technician,123.83,yes,no,382,4,1
48,management,177.81,no,no,65,3,0
58,technician,356.09,no,yes,248,3,1
27,blue-collar,970.96,no,no,72,1,0
64,technician,2569.49,yes,no,1155,1,1
19,management,1691.61,yes,no,790,2,1
39,blue-collar,2178.53,no,no,215,2,0
47,services,605.2,yes,no,312,1,0
44,technician,726.06,yes,no,420,1,0
34,management,700.49,yes,no,331,1,0
38,technician,298.25,yes,yes,312,6,0
35,management,88.44,no,no,827,2,1
34,services,1251.37,yes,yes,235,5,0
50,services,6341.66,yes,no,262,4,0
44,blue-collar,255.52,yes,no,491,1,0
33,technician,66.93,no,no,288,4,1
50,admin,2116.8,no,yes,343,4,1
44,blue-collar,407.59,no,no,69,2,1
49,services,2477.81,yes,no,120,1,0
47,blue-collar,1704.05,yes,no,41,2,0
31,admin,4077.84,yes,no,183,2,1
34,blue-collar,736.14,no,no,158,2,0
49,technician,1518.47,no,no,1524,4,1
47,retired,875.3,no,no,245,1,1
40,blue-collar,1394.18,yes,no,401,1,1
42,blue-collar,835.95,no,no,105,1,0
55,management,292.65,yes,yes,463,2,0
34,blue-collar,992.7,no,no,248,3,0
47,blue-collar,1052.82,yes,no,310,1,0
38,management,2329.48,no,no,90,1,0
38,management,1861.99,yes,no,206,1,0
53,blue-collar,1526.03,yes,no,261,1,0
50,admin,168.49,no,no,231,1,0
49,blue-collar,1785.24,yes,yes,641,2,1
55,management,971.26,no,no,594,1,1
41,blue-collar,3143.36,no,no,920,2,1
48,management,3533.76,no,no,286,3,0
37,technician,79.43,yes,no,928,3,1
44,management,2405.72,yes,no,464,2,0
39,management,53.8,no,no,82,2,0
42,management,640.57,yes,no,144,1,0
47,technician,1094.16,no,no,70,1,0
31,management,224.4,yes,no,10,1,0
64,technician,1920.32,yes,no,54,2,0
29,blue-collar,11.75,yes,no,10,6,0
27,blue-collar,258.5,yes,no,330,1,0
53,technician,1217.16,yes,no,144,1,0
49,services,1754.37,no,no,97,3,0
47,management,3478.47,no,yes,372,4,1
47,blue-collar,1711.45,yes,no,464,1,1
40,management,1559.7,no,yes,962,2,0
31,management,702.01,yes,no,267,2,0
41,blue-collar,1.8,no,no,160,1,1
33,blue-collar,179.22,no,no,94,1,0
51,services,1070.66,no,no,65,1,0
39,blue-collar,1574.06,yes,no,62,1,0
31,retired,756.47,yes,yes,136,2,0
37,management,1836.59,yes,no,1248,3,1
45,management,1033.0,no,yes,10,2,0
34,management,107.9,yes,yes,57,5,0
31,management,298.5,no,yes,54,1,0
43,blue-collar,2565.6,yes,no,328,1,0
43,blue-collar,1806.93,no,no,112,1,0
35,management,3152.14,yes,no,158,3,0
35,retired,175.09,yes,no,41,2,0
43,services,6478.74,yes,no,134,1,0
25,technician,328.96,yes,no,28,2,0
25,management,16.59,yes,no,197,2,0
33,management,8345.55,no,no,26,1,0
38,management,462.0,yes,no,406,1,0
44,management,1543.75,yes,yes,217,1,0
57,blue-collar,272.18,no,yes,334,3,1
50,management,1215.26,yes,no,140,1,0
39,technician,3281.28,no,no,124,5,0
40,retired,540.3,no,no,26,2,0
29,admin,1553.21,yes,no,192,3,0
40,retired,291.39,yes,no,187,2,0
37,management,1372.4,yes,no,164,1,0
44,technician,574.21,no,no,350,1,0
31,blue-collar,332.15,no,no,464,1,0
46,management,525.96,no,no,361,3,0
57,management,275.85,no,no,40,4,0
39,admin,3250.7,yes,no,252,2,0
45,blue-collar,708.61,no,no,21,3,0
48,technician,393.97,no,no,308,1,1
36,blue-collar,832.92,no,no,125,1,0
43,technician,541.03,no,no,36,1,0
41,management,1909.9,no,yes,515,2,0
42,technician,4967.3,yes,no,247,2,0
32,management,806.84,yes,yes,113,2,0
41,management,2762.93,yes,no,10,2,0
46,retired,1168.15,yes,no,200,1,0
56,blue-collar,239.5,no,no,667,2,1
51,admin,1642.47,yes,no,235,1,1
64,technician,1008.54,no,no,926,1,1
32,technician,1472.18,yes,no,38,1,0
50,management,3086.21,yes,no,218,1,1
43,management,812.83,no,yes,416,1,0
65,management,3240.2,no,yes,193,2,0
32,admin,1944.56,yes,yes,24,2,0
31,admin,938.86,yes,no,227,2,0
34,blue-collar,1294.13,yes,no,245,2,0
18,blue-collar,551.47,yes,no,339,1,0
35,retired,5754.43,yes,no,372,3,0
32,management,1540.94,yes,no,382,1,0
42,technician,62.77,no,no,283,2,0
44,technician,553.63,no,no,63,1,0
61,admin,1366.88,no,no,134,4,0
51,retired,81.18,no,no,389,1,0
34,management,33.84,yes,yes,797,5,1
31,services,837.03,no,yes,21,4,0
46,services,566.3,yes,yes,199,1,0
26,management,807.5,no,no,97,1,1
61,technician,426.65,yes,yes,66,2,0
53,technician,251.98,yes,no,183,3,0
35,retired,1635.79,no,no,242,1,0
22,management,1011.81,no,yes,10,1,0
55,admin,312.67,no,no,393,2,0
39,technician,539.08,no,no,445,4,1
54,admin,1254.42,yes,yes,875,1,1
23,technician,104.96,yes,no,51,1,0
34,blue-collar,223.34,yes,no,234,1,0
41,services,106.49,no,no,144,1,0
41,admin,2342.2,no,no,106,1,0
36,services,1954.37,yes,no,216,1,0
47,management,1959.49,no,no,396,2,1
29,admin,1763.9,no,no,10,3,0
39,management,1549.52,yes,no,906,1,1
42,technician,907.42,no,no,431,4,0
46,blue-collar,1439.2,no,no,361,3,0
48,technician,54.76,no,no,371,2,0
28,blue-collar,1360.02,yes,no,128,1,0
24,retired,2106.34,yes,no,362,3,1
55,management,971.41,yes,no,127,3,0
44,admin,619.37,yes,no,595,2,1
32,technician,454.91,no,no,50,1,0
58,management,1441.25,yes,no,89,2,0
42,management,1652.36,no,no,208,2,0
53,retired,2866.77,yes,no,99,4,0
41,services,586.68,yes,no,143,1,0
63,services,2056.16,yes,no,176,1,0
60,retired,1153.69,no,no,504,7,0
38,management,3001.86,no,no,192,1,0
51,technician,1050.53,yes,no,117,2,0
48,blue-collar,1020.66,no,yes,74,1,0
56,blue-collar,1207.44,yes,no,136,7,0
30,technician,1936.98,yes,no,188,1,0
48,technician,4681.04,yes,yes,356,4,0
52,blue-collar,106.97,yes,no,33,1,0
21,blue-collar,76.88,no,no,65,1,0
27,management,3882.75,yes,no,124,3,0
18,blue-collar,1056.66,yes,no,116,5,0
38,blue-collar,1335.96,yes,no,129,3,0
48,blue-collar,922.04,no,no,410,1,0
57,management,137.67,yes,no,101,1,0
41,admin,2045.96,no,no,181,3,0
58,management,1925.36,yes,no,254,1,0
25,technician,522.95,yes,no,68,3,0
22,admin,511.88,no,yes,329,2,1
40,blue-collar,2546.85,yes,no,205,1,0
45,technician,105.15,no,no,153,1,0
40,admin,2981.32,yes,no,431,2,1
18,blue-collar,415.25,no,no,72,3,0
40,admin,1258.47,yes,no,558,1,1
26,admin,3848.29,no,no,214,2,0
48,blue-collar,1587.02,yes,no,244,1,1
45,blue-collar,749.24,yes,no,540,1,1
30,management,1637.55,yes,no,442,1,0
35,technician,590.19,yes,no,239,3,1
29,technician,454.58,yes,no,363,1,0
40,blue-collar,7992.29,yes,no,147,4,0
51,blue-collar,1945.24,no,no,206,3,0
30,technician,1448.79,no,no,16,4,0
46,management,614.54,no,no,24,2,0
35,blue-collar,70.57,no,no,459,1,1
32,technician,44.17,yes,no,15,1,0
39,admin,1130.98,yes,no,48,2,0
29,management,2009.87,yes,no,413,2,0
34,blue-collar,1079.19,no,no,10,2,0
27,retired,2572.5,yes,yes,86,4,0
62,management,47.6,yes,no,228,1,0
41,blue-collar,639.65,no,no,235,2,0
33,management,378.83,yes,no,390,1,0
43,blue-collar,830.05,no,no,183,1,0
39,blue-collar,105.18,no,no,185,3,0
38,technician,4314.77,yes,no,335,1,1
47,blue-collar,353.7,yes,no,179,4,1
49,services,3577.0,yes,yes,243,2,0
35,management,776.92,no,no,592,1,1
34,management,5929.38,yes,yes,133,5,0
37,services,1130.59,no,no,126,3,0
18,blue-collar,3739.72,no,no,10,2,0
24,services,7.51,yes,no,247,1,0
56,blue-collar,1930.98,yes,no,10,1,0
59,admin,3266.99,no,no,182,4,0
38,technician,210.7,yes,no,424,1,0
47,admin,141.49,no,no,207,1,0
44,services,773.7,yes,yes,81,1,0
74,blue-collar,3798.55,no,no,401,4,0
53,management,1094.42,no,no,81,1,0
39,technician,1049.48,no,yes,343,6,0
30,management,212.99,yes,no,244,3,0
23,management,1.11,yes,no,48,1,0
43,technician,2326.06,no,no,612,1,1
32,blue-collar,128.31,yes,no,58,3,0
25,blue-collar,1406.6,yes,no,1186,2,1
33,technician,3444.84,no,no,10,2,0
29,blue-collar,327.62,yes,yes,79,2,0
59,management,1532.22,yes,no,57,1,0
50,management,114.76,yes,no,10,1,0
40,management,1296.01,no,no,342,2,0
57,blue-collar,250.66,no,no,307,1,0
41,management,1864.28,yes,no,408,2,1
31,technician,501.81,yes,no,77,2,0
57,technician,871.48,yes,no,152,2,0
46,admin,1280.82,no,no,279,2,1
29,management,263.01,yes,no,150,3,0
38,blue-collar,1894.75,no,no,310,1,0
31,blue-collar,504.64,yes,yes,261,6,0
25,admin,1520.13,no,yes,31,2,0
51,retired,241.24,yes,no,394,1,0
62,management,1631.18,no,no,331,1,0
25,management,192.05,yes,no,277,2,0
47,services,775.61,yes,no,43,1,0
33,blue-collar,397.55,no,no,81,1,0
35,blue-collar,1931.74,no,no,129,1,0
34,blue-collar,425.4,yes,no,85,1,0
31,admin,2988.55,no,no,67,2,0
41,retired,3113.55,no,no,425,1,1
31,retired,306.19,no,yes,264,1,0
43,admin,1332.13,yes,yes,216,3,0
40,technician,128.53,yes,yes,66,1,0
38,services,695.55,yes,no,650,2,1
31,management,1749.15,yes,yes,55,1,0
34,management,1507.96,no,no,411,1,0
49,services,1372.04,yes,no,884,3,1
46,technician,464.86,yes,no,337,1,0
30,management,664.8,no,no,1284,7,1
42,management,152.1,no,no,273,3,1
49,services,1777.27,yes,no,63,1,0
22,blue-collar,981.34,yes,no,59,3,0
46,admin,1727.08,no,yes,102,3,0
33,management,400.78,yes,no,10,3,0
47,admin,549.09,no,no,297,1,0
32,admin,569.5,no,no,81,1,0
21,technician,36.51,yes,no,438,1,0
23,technician,583.95,no,no,115,2,0
41,management,2276.54,no,no,169,1,0
43,retired,3186.3,yes,yes,876,7,0
31,blue-collar,1022.37,no,no,72,1,0
48,retired,851.05,no,yes,332,1,0
22,technician,43.83,no,no,365,2,0
40,admin,2959.12,no,no,64,3,0
27,admin,18.33,yes,no,180,3,0
33,admin,4054.24,yes,no,112,2,0
41,retired,940.53,yes,no,384,2,0
31,technician,585.83,yes,no,253,1,0
36,management,3611.86,yes,no,168,1,0
52,admin,34.57,no,no,392,2,0
34,admin,1219.26,no,no,69,1,0
50,blue-collar,1114.59,no,no,364,1,1
28,management,346.63,no,yes,521,3,0
46,blue-collar,784.24,no,no,548,2,0
56,technician,1478.84,yes,no,398,2,1
18,technician,1818.27,no,yes,136,1,0
32,blue-collar,1.0,yes,yes,1041,2,1
47,admin,3867.22,no,yes,124,3,0
38,management,251.66,no,no,264,1,0
45,technician,372.44,yes,no,45,3,0
34,technician,428.13,no,no,1023,3,1
41,management,53.98,yes,no,316,2,1
39,admin,183.83,yes,no,363,3,1
53,services,6011.61,no,no,17,6,0
43,technician,530.11,yes,no,374,3,0
44,admin,171.51,yes,no,387,1,0
36,services,158.42,no,no,289,2,0
35,services,1779.45,no,no,89,2,0
36,management,2699.27,no,no,174,2,0
45,retired,415.79,no,no,30,3,0
36,technician,29.58,yes,yes,165,2,0
44,technician,353.4,yes,yes,72,5,0
63,management,81.45,no,no,111,2,0
50,blue-collar,152.8,no,no,46,1,0
37,management,790.68,yes,no,67,1,0
54,management,365.76,no,no,20,1,0
36,technician,1015.78,no,yes,656,3,0
18,admin,409.29,no,yes,196,1,0
29,services,3951.37,no,yes,131,1,0
20,technician,3309.41,yes,no,199,2,0
37,services,1171.2,no,no,257,1,0
41,services,612.66,no,no,662,2,1
59,admin,671.84,yes,no,51,3,0
44,management,743.09,no,no,91,5,0
38,admin,1820.57,yes,no,967,3,1
50,retired,841.15,yes,no,120,1,1
18,admin,2720.23,no,no,10,3,0
43,technician,4037.74,yes,no,41,1,0
49,blue-collar,573.15,yes,yes,10,5,0
24,blue-collar,1151.58,no,yes,1195,3,1
53,blue-collar,139.84,yes,yes,85,1,0
44,management,313.22,yes,yes,668,3,0
36,technician,746.93,yes,no,1428,1,1
47,admin,323.3,yes,no,238,4,0
65,services,2928.81,no,no,10,2,0
43,management,241.24,no,no,22,1,0
43,retired,851.46,no,no,170,1,0
35,technician,1302.9,no,no,135,1,0
31,blue-collar,1648.1,yes,no,242,1,0
50,admin,676.2,no,no,150,1,0
31,admin,2846.64,no,no,707,1,0
41,retired,1176.1,no,no,198,2,0
35,technician,810.52,no,no,307,3,0
46,services,97.45,no,no,589,2,1
44,management,874.87,no,no,41,1,0
52,admin,2406.45,yes,no,67,3,0
35,admin,1334.65,no,yes,29,1,0
38,admin,2498.66,yes,yes,39,5,0
30,technician,953.74,yes,no,186,2,0
36,services,176.52,yes,no,100,2,0
45,management,19.23,yes,no,143,4,0
49,management,505.8,yes,yes,1051,1,1
30,admin,1676.22,yes,no,44,1,0
50,blue-collar,2186.64,no,no,202,3,0
55,services,490.88,no,no,27,1,0
45,technician,958.29,no,no,99,1,0
61,management,765.32,yes,no,194,4,0
32,services,739.93,no,no,761,2,1
27,blue-collar,368.37,no,no,129,1,0
21,management,205.26,yes,yes,17,3,0
57,admin,306.62,no,yes,127,1,0
48,blue-collar,79.69,no,no,40,3,0
40,blue-collar,309.13,yes,no,67,4,0
44,blue-collar,12.94,no,no,250,4,0
28,services,1381.62,no,no,18,1,0
67,services,532.48,yes,no,162,4,0
42,admin,5064.21,yes,no,244,1,1
42,management,301.45,yes,no,142,1,0
48,services,594.14,yes,yes,10,1,0
46,admin,620.09,yes,no,1101,1,1
43,admin,11.88,yes,no,118,4,0
32,technician,2558.7,yes,no,391,1,1
46,services,45.52,no,no,102,2,0
61,admin,3942.98,yes,no,167,1,0
55,management,3116.84,yes,no,127,5,0
58,technician,1073.58,yes,no,109,1,0
35,services,1098.13,yes,no,10,1,0
30,management,1484.94,yes,no,116,2,0
39,retired,685.26,yes,no,572,2,1
41,admin,1458.68,yes,no,304,2,0
53,blue-collar,64.12,no,no,40,2,0
22,technician,77.79,no,no,232,1,0
57,management,855.5,yes,no,579,2,1
39,retired,1116.74,yes,no,313,4,0
36,technician,3062.68,no,no,41,4,0
29,admin,154.77,no,no,526,4,1
22,technician,2421.47,yes,no,93,4,0
50,management,330.1,no,yes,157,1,0
41,management,701.42,no,no,194,6,0
26,blue-collar,532.95,yes,no,494,4,1
26,retired,715.52,no,no,697,2,1
37,technician,228.34,no,no,690,1,1
59,technician,980.44,no,yes,10,1,0
38,technician,2264.76,yes,no,662,2,0
24,blue-collar,815.59,yes,yes,14,4,0
38,technician,944.37,yes,no,80,2,0
38,services,2644.51,yes,no,188,1,0
18,blue-collar,1714.12,no,no,169,4,0
40,blue-collar,943.93,no,yes,241,1,1
38,management,417.19,no,no,169,3,0
48,retired,3027.06,no,no,708,6,1
61,management,1204.6,yes,yes,71,1,0
53,management,349.91,no,no,83,3,0
38,blue-collar,438.91,no,yes,659,3,1
28,blue-collar,2275.32,yes,no,20,2,0
69,technician,63.21,no,no,244,1,0
41,technician,6775.87,yes,no,297,4,0
41,admin,195.53,no,yes,183,6,0
40,management,2225.96,yes,no,308,3,0
43,services,703.02,yes,no,49,3,1
39,blue-collar,948.78,no,no,497,1,1
34,technician,2975.98,no,no,39,1,0
34,blue-collar,745.61,yes,no,133,2,0
40,technician,1079.53,yes,no,20,2,0
35,admin,70.78,yes,no,204,2,0
33,blue-collar,3.29,no,no,288,2,0
42,technician,393.08,no,no,736,2,1
38,blue-collar,1597.76,no,yes,349,4,0
57,retired,180.98,yes,yes,202,2,0
18,technician,169.08,no,no,701,1,1
53,retired,740.97,yes,yes,169,2,0
54,technician,1461.13,no,yes,214,2,0
18,management,1743.06,yes,yes,235,3,0
37,management,275.19,yes,no,137,2,0
36,technician,116.11,no,no,474,3,1
25,management,3948.07,yes,no,53,2,0
32,management,422.81,no,no,210,4,0
28,services,2687.56,no,no,333,1,0
60,services,2787.92,yes,no,609,1,1
51,admin,2072.99,yes,no,559,1,0
54,management,258.9,no,yes,184,1,0
48,management,2414.8,no,yes,267,2,0
28,management,2052.99,yes,yes,130,3,0
35,admin,1271.38,yes,yes,164,7,0
46,retired,575.8,no,no,615,3,1
27,technician,426.3,no,no,694,2,1
48,management,181.98,yes,no,587,2,1
38,blue-collar,998.0,yes,no,38,2,0
36,technician,1232.15,no,no,493,1,0
48,technician,623.36,no,no,770,1,1
45,blue-collar,903.06,no,no,116,3,0
37,admin,632.51,no,no,190,3,0
53,management,1434.23,no,no,392,3,0
29,management,3241.36,yes,yes,214,2,0
47,retired,250.64,no,no,1308,4,1
47,management,672.43,yes,no,158,2,0
37,management,212.57,no,yes,325,2,0
44,management,1372.95,yes,yes,408,2,0
27,management,1827.22,yes,no,177,1,1
51,technician,3761.75,no,no,505,2,1
38,admin,457.71,no,no,205,1,0
35,technician,4199.95,yes,yes,137,3,0
52,technician,91.49,no,no,29,3,0
33,admin,1293.4,yes,no,129,3,0
25,blue-collar,82.36,yes,no,344,3,0
23,services,3139.06,no,yes,660,1,0
47,services,1056.46,yes,no,75,1,0
26,management,1549.37,no,no,114,2,0
60,admin,2493.76,yes,no,43,2,0
18,blue-collar,228.04,no,no,305,1,0
59,retired,55.1,no,no,838,1,1
43,blue-collar,2955.38,yes,no,266,1,0
39,retired,529.53,yes,no,249,2,0
35,admin,193.32,no,no,209,1,0
45,management,884.77,no,no,24,3,0
40,blue-collar,1276.89,yes,yes,339,1,0
53,retired,44.04,yes,no,239,2,1
42,services,450.02,yes,no,281,3,0
42,management,46.69,yes,no,595,1,0
37,admin,763.43,yes,no,398,4,0
40,technician,3156.65,yes,no,394,1,0
44,management,5676.02,no,no,681,2,1
22,technician,1418.88,no,no,1195,1,1
26,management,246.83,no,no,226,4,0
49,admin,3308.0,no,no,29,4,0
42,technician,1016.66,no,no,159,1,0
38,services,233.72,no,no,402,3,0
41,management,3566.57,no,no,10,1,0
44,technician,1983.28,no,no,15,2,0
35,management,1841.94,no,no,18,1,0
32,management,1729.07,yes,yes,341,2,0
43,management,313.0,no,no,180,3,0
30,management,331.8,no,no,119,1,0
45,blue-collar,1631.97,no,no,29,4,0
22,technician,347.35,no,yes,342,1,0
52,technician,808.43,no,no,100,6,0
46,technician,2132.58,no,no,80,4,0
43,services,2145.16,yes,no,274,7,0
51,services,845.3,no,no,212,1,1
59,blue-collar,2199.58,yes,no,117,2,0
52,technician,2553.61,no,no,266,1,0
20,management,1488.99,no,yes,82,1,0
26,retired,363.05,yes,no,411,2,1
34,management,448.31,yes,yes,67,2,0
41,technician,529.35,no,no,44,2,0
46,technician,173.89,yes,no,396,1,0
33,technician,446.67,yes,no,319,4,0
43,management,329.16,no,no,52,2,0
32,admin,850.6,yes,yes,32,3,0
34,management,3347.03,yes,no,473,2,0
25,blue-collar,154.49,no,yes,389,3,1
30,management,1783.49,yes,yes,103,1,0
26,management,1627.44,yes,no,279,2,0
30,services,140.92,no,yes,34,5,0
52,management,3581.78,no,no,183,3,0
30,services,1176.59,no,no,10,2,0
69,blue-collar,632.98,no,yes,129,1,0
46,management,1977.92,no,yes,20,1,0
43,retired,416.57,yes,no,167,2,0
31,management,1655.6,yes,no,142,4,0
48,services,56.73,yes,no,152,1,0
34,management,2560.44,yes,no,12,5,0
42,services,832.32,no,no,116,3,0
69,management,1417.51,no,no,367,2,0
39,blue-collar,350.07,yes,no,119,5,0
53,admin,1582.46,no,no,326,3,1
33,retired,2071.25,yes,no,119,1,0
40,services,897.34,yes,no,143,2,0
60,admin,1346.27,no,no,215,3,0
34,services,853.17,yes,no,782,1,1
60,management,3143.25,yes,no,29,2,0
48,technician,964.45,yes,no,10,3,0
34,technician,2581.53,yes,no,243,2,0
47,technician,2262.71,no,no,774,1,1
51,technician,739.88,no,yes,1190,1,1
47,blue-collar,366.06,yes,no,172,1,0
23,management,729.42,yes,no,164,2,0
33,admin,2449.93,no,no,269,2,0
38,management,361.61,no,yes,210,3,1
40,technician,1040.56,yes,no,261,4,0
47,blue-collar,2296.55,yes,yes,538,2,1
42,admin,610.61,no,no,356,1,0
26,admin,1438.93,no,no,178,1,0
45,blue-collar,394.62,yes,yes,161,3,0
47,management,162.01,no,no,265,2,1
47,blue-collar,2214.44,yes,no,158,1,0
52,management,145.9,yes,no,159,5,0
50,technician,443.25,yes,no,10,1,0
46,technician,2704.49,no,no,49,3,0
40,management,595.51,yes,no,174,4,0
22,technician,5059.04,yes,no,449,4,0
45,retired,5458.36,yes,no,84,6,0
43,retired,437.29,no,no,192,1,0
43,technician,58.58,yes,yes,109,4,0
26,management,1709.39,yes,no,28,4,0
29,management,839.49,yes,no,826,1,1
52,technician,148.68,no,no,501,1,0
40,retired,1721.12,yes,no,21,3,0
48,management,44.34,yes,no,330,7,0
41,admin,2858.43,yes,no,111,7,0
41,management,208.96,no,no,1369,1,1
51,retired,190.65,no,no,93,2,0
35,technician,270.46,no,no,70,3,0
42,admin,4515.78,no,no,218,2,1
35,technician,1654.04,no,no,468,4,1
36,blue-collar,2262.85,yes,no,55,3,0
37,management,709.65,no,no,321,1,0
43,management,573.92,yes,no,16,1,0
35,retired,374.09,yes,yes,653,1,1
54,services,917.24,no,no,21,4,0
31,services,1123.61,yes,no,638,5,1
38,blue-collar,1398.68,yes,no,175,2,0
36,admin,416.11,yes,no,154,2,0
56,management,4156.84,no,no,942,6,1
43,technician,260.45,yes,yes,1207,2,1
52,technician,4719.74,no,no,273,3,0
24,blue-collar,20.95,no,no,35,2,0
43,technician,918.53,no,no,183,5,1
50,management,567.72,yes,no,195,1,0
41,blue-collar,834.74,no,no,187,1,0
52,admin,1183.72,yes,no,219,1,0
35,technician,800.76,yes,no,10,1,0
56,management,750.23,yes,no,322,3,0
66,management,1847.26,no,yes,324,1,0
37,management,1621.16,yes,no,31,3,1
36,technician,2507.94,yes,no,219,1,0
56,blue-collar,402.68,yes,no,218,3,0
58,blue-collar,1316.56,yes,no,298,1,0
35,admin,1231.92,no,no,23,4,0
36,technician,646.27,no,no,256,1,0
37,services,931.9,no,no,85,6,0
26,management,527.18,yes,yes,183,6,0
30,blue-collar,214.16,yes,no,385,3,0
29,admin,336.76,no,yes,317,1,0
32,management,156.11,yes,no,32,1,0
40,management,1608.7,no,yes,232,2,0
43,services,1513.33,yes,no,904,2,0
58,technician,4211.11,no,yes,44,1,0
30,admin,1831.4,yes,no,498,2,1
51,management,74.83,yes,no,315,1,0
38,admin,3018.79,no,no,386,5,0
40,technician,2779.57,no,no,86,1,0
48,management,820.07,yes,no,88,1,0
28,blue-collar,1234.18,no,no,614,2,1
45,management,5226.16,no,yes,115,1,0
42,technician,1063.91,yes,no,16,1,0
46,management,3300.18,yes,no,238,3,0
44,management,121.37,yes,no,34,1,0
68,technician,296.83,yes,no,414,4,1
33,management,813.63,no,no,266,1,1
35,services,1230.45,yes,no,540,1,0
34,management,2371.68,yes,no,399,4,0
34,blue-collar,6222.91,yes,no,30,3,0
33,management,689.38,yes,yes,124,1,0
54,technician,68.01,yes,no,387,3,1
56,retired,2261.44,yes,yes,140,2,1
34,management,1298.22,yes,no,933,3,1
31,retired,309.85,no,no,346,1,0
46,management,956.0,yes,no,10,1,0
34,admin,1898.4,no,no,551,2,1
47,blue-collar,2060.06,yes,no,27,1,0
43,services,969.34,yes,no,39,6,0
24,blue-collar,509.81,yes,no,344,3,0
58,blue-collar,5095.73,yes,yes,520,5,0
60,management,1524.25,no,no,199,1,0
34,management,734.51,no,no,88,1,0
36,services,460.81,no,no,112,3,0
44,technician,1838.8,no,no,109,1,0
44,technician,388.24,yes,no,102,1,0
48,admin,263.75,yes,no,72,1,0
63,technician,1056.54,no,no,244,2,0
39,retired,479.46,no,no,599,2,1
32,admin,1387.82,no,no,95,2,0
25,blue-collar,175.69,yes,no,53,1,0
32,services,1489.66,yes,no,474,1,0
40,management,466.33,no,no,352,1,1
60,technician,0.34,yes,no,694,1,0
35,blue-collar,190.05,yes,no,47,1,0
43,management,3797.21,yes,no,40,1,0
40,admin,2828.11,no,no,202,2,0
54,services,372.49,yes,no,247,3,0
68,technician,2109.46,no,no,170,2,0
35,technician,1313.13,yes,no,237,6,0
35,retired,4952.05,no,yes,51,2,0
52,technician,654.89,no,no,169,7,0
48,blue-collar,1601.61,yes,no,279,1,0
61,technician,91.9,no,yes,147,2,0
47,services,706.43,yes,no,295,2,0
37,blue-collar,4646.86,yes,no,156,4,0
47,admin,1084.04,no,no,105,2,0
53,admin,475.31,yes,no,94,1,1
50,technician,179.4,yes,no,137,1,0
46,technician,1702.13,yes,no,10,6,0
52,services,1449.32,yes,no,287,3,0
53,technician,655.63,no,no,484,1,1
56,admin,4220.63,yes,no,113,2,0
48,retired,31.43,no,no,12,5,0
39,blue-collar,506.81,no,no,1124,1,1
42,admin,3554.86,yes,no,79,2,0
54,admin,541.85,yes,no,35,1,0
32,services,406.97,no,no,120,3,0
45,technician,1069.66,yes,no,348,1,0
36,management,2430.6,yes,yes,90,2,0
41,technician,152.41,yes,no,222,2,1
55,admin,4011.09,no,no,139,3,0
43,blue-collar,2219.14,no,no,32,3,0
41,admin,279.97,yes,no,104,1,0
26,technician,1742.75,yes,no,335,1,0
49,blue-collar,680.49,no,no,246,1,0
48,management,720.52,no,no,33,1,0
64,admin,2140.87,no,yes,46,5,0
37,blue-collar,4607.45,no,no,266,2,0
43,management,189.6,yes,yes,436,2,1
43,technician,764.14,no,no,111,2,1
58,admin,918.03,yes,no,235,2,0
39,blue-collar,660.95,yes,no,48,1,0
44,management,631.8,no,yes,96,1,0
47,retired,75.16,yes,no,10,1,0
43,admin,1619.65,no,no,380,1,0
36,retired,802.31,yes,no,133,4,0
43,technician,303.32,no,no,440,3,0
52,blue-collar,2370.2,no,no,320,2,0
29,services,2271.25,yes,no,458,5,0
42,blue-collar,932.81,no,no,87,4,0
33,admin,496.25,yes,no,53,3,0
54,technician,1422.91,no,no,928,3,1
24,technician,475.85,yes,no,328,2,1
34,management,376.88,no,no,466,1,1
45,management,1835.74,yes,no,10,4,0
58,management,57.63,yes,yes,113,3,0
40,management,139.39,yes,no,353,2,0
34,retired,9.54,yes,no,21,5,0
61,management,232.38,no,yes,217,3,0
25,blue-collar,100.08,no,no,145,1,0
18,services,7662.53,no,no,10,1,0
45,blue-collar,477.14,yes,no,69,3,0
35,management,226.32,yes,no,87,1,0
29,admin,386.05,yes,no,30,4,0
48,blue-collar,3851.17,no,no,259,1,0
43,admin,1028.02,no,no,72,1,0
34,admin,635.38,yes,yes,84,2,0
26,retired,2893.32,yes,no,594,3,1
50,blue-collar,703.52,yes,no,163,2,0
48,technician,571.17,no,no,129,2,0
39,blue-collar,325.2,no,no,334,2,0
61,management,664.28,no,no,624,1,1
29,services,533.12,yes,no,10,1,0
24,management,1583.46,no,no,154,3,0
33,technician,478.66,no,no,245,1,0
40,admin,1205.2,yes,no,99,2,0
43,blue-collar,95.43,yes,no,384,3,0
38,technician,297.24,yes,yes,924,4,1
44,blue-collar,732.54,yes,no,746,5,1
27,services,3869.34,no,yes,80,1,0
56,technician,663.06,yes,no,66,2,1
40,services,1527.21,no,no,821,2,1
53,management,412.28,no,no,159,1,0
44,admin,190.2,yes,no,60,1,0
46,services,84.45,no,no,319,1,0
47,management,510.21,yes,no,87,3,0
45,technician,240.2,yes,no,80,1,0
48,management,267.64,yes,no,549,2,0
55,admin,2002.4,yes,no,46,1,0
43,blue-collar,22.35,yes,no,17,2,0
48,blue-collar,1142.42,yes,no,81,4,0
40,management,668.03,yes,no,242,1,0
56,management,988.87,yes,no,34,2,0
33,management,1158.41,no,no,165,2,0
60,technician,526.34,yes,no,256,1,0
40,blue-collar,489.6,no,no,491,4,0
25,services,1850.82,yes,no,67,1,0
42,blue-collar,2870.13,no,no,442,1,0
33,technician,299.48,yes,no,69,1,0
50,retired,143.81,no,no,293,3,1
33,admin,3193.1,yes,no,146,3,0
36,retired,602.87,no,no,31,3,0
20,blue-collar,1122.02,yes,no,325,4,0
36,technician,623.8,yes,no,63,2,1
18,management,188.23,no,no,50,3,0
23,admin,1245.96,yes,no,115,1,0
49,management,1042.63,yes,yes,275,2,0
49,technician,317.65,yes,no,69,1,0
45,blue-collar,841.74,no,no,52,1,0
30,blue-collar,2232.01,no,no,10,1,0
40,blue-collar,1249.69,yes,no,165,1,0
40,management,142.72,no,no,145,2,1
28,technician,1111.77,yes,no,69,4,0
57,blue-collar,1698.4,yes,no,14,5,0
50,retired,2203.05,no,no,145,1,0
38,admin,1388.62,no,no,403,2,1
41,retired,231.91,no,no,326,2,1
43,admin,1733.86,yes,no,512,2,1
18,blue-collar,1583.63,yes,no,10,1,0
38,management,34.62,yes,no,882,3,1
33,blue-collar,742.84,yes,no,108,2,0
29,blue-collar,566.85,yes,no,1207,1,1
37,blue-collar,1549.64,no,no,75,4,0
60,blue-collar,340.93,no,no,165,1,1
48,blue-collar,1251.22,yes,no,113,4,0
34,technician,3421.9,yes,no,114,4,0
47,blue-collar,2237.91,no,no,480,1,0
56,management,3561.77,yes,no,356,1,0
51,admin,5375.97,no,no,1260,1,1
41,management,15.02,yes,no,247,4,0
33,management,1364.75,yes,no,161,1,0
48,technician,745.44,no,no,24,2,0
45,blue-collar,2751.1,yes,no,1474,2,1
50,technician,406.15,yes,no,208,2,0
47,technician,5550.82,yes,no,313,4,1
52,blue-collar,1331.63,no,no,135,4,0
35,technician,2208.69,no,no,206,4,0
55,retired,125.28,yes,no,742,2,1
43,retired,283.75,yes,no,47,4,0
63,blue-collar,1988.68,no,no,89,3,0
33,technician,31.12,yes,no,42,2,0
60,admin,2376.64,no,yes,408,4,0
43,management,19.67,yes,no,16,2,0
33,blue-collar,1498.52,yes,yes,22,2,0
35,technician,635.99,no,no,92,1,0
37,retired,1323.63,yes,no,187,2,0
45,management,1667.16,no,no,135,1,0
46,blue-collar,586.98,yes,no,11,2,0
34,admin,159.95,yes,no,821,1,0
40,blue-collar,101.07,no,yes,794,1,1
64,management,1244.61,yes,no,85,3,1
60,retired,1029.47,no,no,341,3,0
45,blue-collar,1897.81,yes,yes,224,2,0
41,blue-collar,997.93,no,no,70,3,0
42,management,768.53,no,no,79,2,0
47,blue-collar,710.7,yes,no,175,2,0
29,technician,37.52,no,no,141,1,0
38,management,572.33,no,no,89,2,0
22,management,5222.76,yes,yes,428,1,0
45,services,2895.13,no,no,170,1,0
48,management,559.37,no,yes,276,2,1
35,management,1240.73,yes,no,54,1,0
58,blue-collar,2630.96,yes,no,198,1,0
27,admin,814.94,yes,no,99,3,0
24,management,25.37,yes,no,194,3,0
43,blue-collar,108.41,no,no,394,3,1
52,management,999.81,yes,no,380,2,0
59,management,4883.26,no,no,113,4,0
35,management,1654.23,yes,no,308,2,0
52,services,102.98,yes,no,737,2,1
40,management,293.91,no,no,255,1,0
39,management,2065.62,yes,no,41,1,0
50,technician,2578.27,yes,no,296,1,0
48,services,1346.15,yes,yes,28,1,0
23,technician,1447.62,yes,no,534,1,0
57,technician,40.25,yes,no,189,3,0
56,management,2468.69,no,no,126,2,0
34,technician,2173.46,yes,no,15,1,0
45,blue-collar,419.72,no,yes,124,2,0
46,blue-collar,1726.65,no,no,607,1,1
43,technician,338.64,yes,no,10,2,0
34,technician,57.63,yes,no,167,2,0
33,management,314.39,no,no,695,4,1
40,technician,275.49,no,no,130,5,0
53,management,576.95,yes,no,145,1,0
46,admin,758.88,yes,no,224,1,0
36,retired,994.52,yes,yes,161,1,0
49,retired,906.78,yes,no,48,4,0
18,services,441.89,no,yes,10,2,0
53,blue-collar,41.45,no,no,244,1,1
21,admin,1300.78,yes,no,659,1,1
37,technician,705.26,no,no,29,4,0
28,blue-collar,496.69,no,yes,61,2,0
26,blue-collar,2823.75,yes,no,120,1,0
53,blue-collar,1922.69,yes,no,430,2,0
35,admin,2730.39,no,no,81,2,0
44,technician,956.43,no,no,555,5,0
40,technician,196.47,no,no,14,3,0
46,retired,1668.04,yes,yes,735,4,1
41,management,323.07,yes,no,213,1,0
26,blue-collar,814.82,yes,no,279,2,0
51,services,94.09,no,no,119,2,0
35,blue-collar,2442.63,no,no,396,1,1
23,blue-collar,188.45,yes,no,47,1,0
36,management,3267.67,no,no,13,1,0
57,technician,2795.52,no,no,130,3,0
50,services,874.59,no,no,499,3,0
37,blue-collar,1909.62,no,no,365,1,0
37,blue-collar,1352.57,yes,yes,189,1,0
37,management,2274.91,no,no,220,1,1
63,management,791.41,yes,no,36,2,0
45,retired,2157.24,yes,no,477,1,1
45,technician,869.04,no,yes,402,1,1
52,blue-collar,3961.49,no,yes,277,2,0
43,management,932.76,yes,no,163,5,0
38,admin,869.47,no,no,867,1,1
38,retired,2152.43,no,no,549,2,1
40,blue-collar,2413.04,no,no,268,3,0
40,management,1131.95,yes,no,120,2,0
49,blue-collar,277.49,no,no,250,2,0
41,admin,882.92,yes,no,222,2,0
49,technician,4822.0,yes,yes,130,2,0
40,services,1957.64,yes,no,95,3,0
41,blue-collar,2333.62,yes,no,135,1,1
19,services,46.73,no,no,221,6,0
51,blue-collar,883.19,yes,yes,145,2,1
44,management,1456.3,no,no,79,4,0
51,technician,2481.01,yes,no,372,1,0
18,management,70.74,no,no,197,2,0
63,services,2678.92,no,no,18,1,0
39,admin,1112.94,no,no,119,2,0
53,admin,307.71,no,no,562,1,1
29,technician,534.29,no,no,365,7,1
47,management,463.66,no,no,101,2,0
29,admin,1059.59,no,no,723,1,1
34,blue-collar,74.3,yes,no,20,1,0
62,management,241.66,no,yes,845,4,1
38,blue-collar,2345.01,yes,no,73,3,0
43,management,199.16,yes,no,10,1,0
50,technician,372.1,no,yes,147,1,0
46,blue-collar,845.58,yes,no,115,1,0
42,management,1019.18,no,no,201,3,0
45,retired,2019.18,yes,no,414,3,1
67,management,830.2,yes,no,480,2,0
40,management,2184.0,yes,no,133,1,0
43,management,1348.54,yes,no,146,2,1
52,admin,168.03,no,yes,41,3,0
53,technician,237.99,yes,no,12,1,0
54,blue-collar,804.35,yes,no,266,3,0
48,management,707.92,yes,no,17,4,0
28,management,1905.12,yes,no,344,4,0
58,technician,1216.96,no,no,201,3,0
28,admin,687.74,yes,no,57,3,0
44,services,262.14,no,no,201,1,0
32,management,360.17,no,yes,52,2,0
40,blue-collar,1199.58,no,no,150,1,1
44,services,770.94,no,no,417,2,0
44,technician,1012.84,yes,no,161,4,0
45,services,262.0,yes,no,41,1,0
58,management,1522.35,no,no,334,2,0
45,retired,2679.87,no,no,53,2,0
38,admin,417.65,no,no,348,3,0
51,retired,946.85,no,no,169,1,0
54,admin,5194.28,yes,no,157,1,1
27,technician,567.46,yes,no,495,4,1
47,retired,1265.58,no,yes,320,5,0
48,technician,132.34,no,no,10,2,0
37,technician,1304.02,yes,no,91,1,0
56,admin,131.47,no,no,532,2,0
39,admin,4479.92,yes,no,10,3,1
42,retired,1760.63,yes,no,204,2,0
39,management,2172.69,no,no,338,4,0
41,admin,1704.85,no,no,252,3,0
28,admin,1247.31,yes,no,371,3,0
25,management,836.75,yes,no,336,2,1
58,technician,2736.39,yes,no,306,4,0
31,technician,4399.84,no,no,448,4,0
30,technician,967.71,yes,no,269,2,0
18,retired,3754.01,no,no,133,2,0
33,blue-collar,1225.65,no,no,166,1,0
26,admin,1082.23,no,yes,327,1,0
59,retired,848.43,yes,yes,543,2,1
52,technician,328.75,no,no,82,1,0
33,admin,5.22,yes,no,108,4,0
65,technician,386.99,yes,no,694,1,1
51,services,997.9,yes,no,224,2,0
37,management,669.16,yes,no,51,2,0
18,retired,833.12,no,no,283,4,0
66,management,5522.96,yes,no,1217,1,1
25,technician,603.68,yes,no,450,4,0
22,admin,842.54,no,no,356,2,0
52,technician,200.64,yes,no,60,3,0
67,blue-collar,68.8,no,no,543,2,0
56,technician,2090.87,yes,no,193,1,0
47,admin,1183.78,yes,no,572,1,0
47,management,2002.08,no,yes,104,4,0
50,management,227.3,yes,no,16,2,0
49,technician,1187.52,no,no,168,1,0
44,blue-collar,409.57,yes,yes,81,3,0
42,management,362.39,yes,no,326,3,0
40,technician,16.23,yes,no,818,1,1
32,technician,195.52,yes,no,305,5,0
37,management,518.0,yes,yes,566,1,0
22,blue-collar,174.01,no,no,156,5,0
39,services,5962.09,yes,no,383,1,0
30,management,516.72,yes,no,481,2,1
28,blue-collar,195.49,yes,no,322,4,0
42,blue-collar,310.8,no,no,184,1,0
56,technician,1240.42,no,no,255,1,0
51,admin,92.66,no,no,313,2,1
23,technician,2777.11,no,no,75,5,0
30,blue-collar,4559.92,yes,no,431,3,0
51,management,396.7,yes,no,780,4,1
30,admin,837.21,no,no,162,1,1
38,blue-collar,31.34,no,no,313,1,0
47,management,1433.08,yes,no,347,6,1
30,technician,748.03,yes,no,282,1,0
42,retired,440.71,no,no,205,1,0
26,technician,324.42,no,no,554,2,1
34,blue-collar,1485.94,yes,no,154,2,0
44,services,753.52,no,no,16,2,0
23,admin,277.25,yes,no,483,1,0
45,blue-collar,1635.64,yes,no,291,6,0
40,admin,1165.61,yes,no,491,2,1
47,services,2739.34,yes,no,38,1,0
43,blue-collar,174.96,yes,no,10,1,0
56,blue-collar,2156.31,no,no,708,4,1
42,technician,1567.13,yes,no,41,2,0
36,retired,171.05,no,no,431,1,0
42,admin,1661.6,yes,no,450,1,1
46,management,815.62,yes,no,320,1,0
41,services,4060.2,no,no,36,1,0
41,blue-collar,213.78,no,no,286,2,0
33,management,1441.37,no,no,571,4,1
33,blue-collar,673.73,no,no,144,1,0
25,technician,4399.16,yes,no,138,3,0
60,services,560.62,yes,no,152,2,0
27,management,4585.1,no,no,22,2,0
33,services,3244.58,no,no,578,4,1
33,blue-collar,441.33,no,yes,528,1,1
50,management,2278.23,no,no,1604,1,1
37,retired,7597.95,no,no,228,2,0
54,blue-collar,407.73,yes,yes,361,2,0
33,technician,803.71,no,no,58,3,0
44,blue-collar,1028.08,no,no,286,1,0
31,services,489.24,no,yes,272,3,0
64,technician,21.54,yes,no,601,1,1
27,management,348.08,yes,no,461,1,0
44,management,463.68,yes,no,724,3,0
47,technician,820.77,yes,no,528,2,0
45,admin,262.72,no,no,527,5,0
38,blue-collar,2891.8,yes,no,17,1,0
39,management,1708.67,yes,no,486,6,0
41,management,124.67,yes,yes,243,1,0
39,technician,1470.12,no,no,124,2,0
51,retired,1484.45,yes,no,15,4,0
65,technician,4380.05,yes,yes,294,3,0
34,retired,4.24,yes,no,103,3,0
25,blue-collar,398.9,yes,no,163,1,0
40,management,3679.48,yes,no,297,2,1
69,services,3766.31,yes,no,631,4,1
32,blue-collar,1785.09,no,no,453,1,0
59,admin,2031.99,yes,no,155,2,0
59,retired,134.32,yes,no,127,2,0
34,management,1009.81,no,yes,71,1,0
47,management,368.79,yes,no,121,1,0
58,admin,279.91,no,no,30,4,0
36,technician,2327.26,yes,no,921,3,1
38,management,203.1,no,no,221,4,0
34,management,885.27,no,yes,35,2,0
29,management,3905.99,no,no,113,3,0
33,admin,287.82,yes,yes,205,2,0
27,management,5342.98,yes,yes,197,3,0
41,blue-collar,7231.26,yes,no,10,3,0
32,blue-collar,1135.5,no,no,783,1,1
43,technician,261.1,no,yes,83,1,0
23,management,531.93,yes,no,10,3,0
44,admin,773.51,yes,yes,20,2,0
50,management,518.12,yes,no,225,1,0
19,admin,461.14,yes,yes,38,1,0
45,services,5017.3,yes,no,11,1,0
54,technician,233.08,yes,no,124,2,0
27,blue-collar,1850.43,no,no,253,3,0
59,blue-collar,0.57,no,no,30,1,0
45,technician,1269.51,no,no,97,1,0
33,services,3466.76,yes,yes,140,1,0
40,services,475.42,no,yes,45,1,0
47,technician,287.3,no,no,183,1,0
41,blue-collar,1476.49,yes,no,23,2,0
46,retired,1745.64,no,no,12,1,0
30,retired,1630.79,yes,no,190,3,0
42,blue-collar,538.52,yes,no,74,1,0
25,blue-collar,406.87,yes,yes,26,7,0
39,technician,4370.41,yes,no,143,2,0
31,retired,3594.99,no,no,641,1,0
32,management,855.72,yes,no,334,3,1
54,blue-collar,2620.89,yes,no,439,1,0
53,technician,842.9,yes,no,534,2,0
47,technician,773.25,no,no,935,1,1
28,technician,238.71,yes,no,374,3,0
37,retired,778.17,no,no,243,2,0
54,management,1079.3,no,no,118,4,0
42,blue-collar,31.87,yes,no,52,1,0
66,management,822.07,yes,no,301,3,0
45,management,2128.44,no,no,1374,1,1
43,technician,1595.41,yes,yes,163,2,0
37,blue-collar,1411.6,yes,no,334,1,0
42,technician,3364.23,no,yes,177,2,0
39,technician,25.48,yes,no,147,3,0
48,management,1140.01,yes,no,137,3,0
51,technician,2167.34,yes,no,182,4,0
32,retired,1091.21,yes,yes,118,1,1
26,retired,547.97,no,no,359,2,0
20,technician,205.06,no,no,539,2,1
46,blue-collar,3059.51,no,no,557,2,1
28,services,890.84,no,no,67,1,0
18,management,2946.55,yes,no,588,3,1
45,admin,1234.15,yes,no,108,2,0
68,retired,1570.03,yes,no,96,3,0
40,management,2283.36,yes,yes,337,1,0
50,management,1506.86,no,no,94,1,0
41,retired,710.62,no,yes,14,1,0
39,blue-collar,1009.11,yes,no,121,1,0
51,management,2274.7,yes,yes,332,3,0
37,technician,654.99,yes,no,102,3,0
43,technician,687.71,yes,no,258,1,1
44,admin,140.82,yes,no,280,1,1
33,admin,3444.32,yes,no,344,1,0
51,retired,133.63,no,yes,591,1,1
39,technician,1462.61,no,no,147,2,0
32,blue-collar,746.29,yes,no,47,1,0
46,blue-collar,728.33,yes,no,99,1,0
31,technician,1593.25,yes,no,147,4,0
41,management,97.23,no,no,325,1,1
40,retired,1260.95,no,no,10,4,0
52,services,2069.97,no,no,98,1,0
46,blue-collar,2466.1,yes,no,393,1,0
40,blue-collar,261.76,no,no,288,1,0
49,management,3187.94,yes,no,342,1,0
56,blue-collar,1494.55,no,no,434,1,0
47,admin,2990.18,yes,yes,397,1,0
41,blue-collar,929.79,yes,no,298,2,0
26,retired,1093.34,no,no,150,1,0
29,blue-collar,3519.29,yes,no,1068,3,1
37,technician,3222.35,yes,no,218,1,0
34,admin,832.3,yes,no,58,4,0
38,management,449.08,yes,no,90,1,0
41,technician,699.31,yes,no,307,2,1
46,technician,686.89,yes,no,672,4,1
40,technician,473.32,yes,no,51,1,0
46,admin,437.87,yes,no,22,2,0
41,blue-collar,2763.23,no,yes,554,2,0
19,admin,101.39,yes,no,641,1,1
30,blue-collar,1584.8,yes,no,84,3,0
39,technician,265.63,yes,no,123,3,0
27,admin,591.31,no,no,280,2,0
47,management,88.93,no,no,104,4,0
57,management,440.54,yes,no,545,1,0
54,blue-collar,2047.97,no,no,29,2,0
38,technician,3028.14,no,no,10,4,0
57,management,350.59,no,no,60,1,0
42,blue-collar,871.89,no,no,87,2,0
37,blue-collar,889.69,no,no,31,1,0
34,technician,2895.35,no,no,17,1,1
37,retired,2014.39,no,no,366,2,0
36,blue-collar,1007.51,yes,no,46,3,0
42,services,1555.3,no,no,637,1,0
42,management,2631.5,no,no,119,5,0
41,blue-collar,13.42,yes,no,288,1,0
45,services,721.92,no,no,66,5,0
54,blue-collar,3328.88,yes,no,71,2,0
51,admin,1887.59,yes,no,222,5,0
24,technician,1095.81,no,no,213,2,0
18,management,1055.97,yes,no,380,2,1
51,blue-collar,598.3,yes,yes,368,5,1
25,technician,1029.08,yes,no,288,1,0
38,services,1491.45,yes,no,155,4,0
28,management,758.67,yes,no,575,2,0
21,retired,1753.22,yes,no,253,4,1
46,retired,2764.93,yes,no,1202,1,1
49,management,235.26,no,yes,444,4,1
34,technician,840.92,no,no,11,3,0
18,services,734.0,yes,no,100,6,0
34,retired,1628.25,no,no,220,1,0
45,technician,402.51,yes,no,332,2,0
24,technician,1431.29,yes,no,207,1,0
43,blue-collar,2939.38,yes,no,401,1,0
40,admin,758.12,no,yes,86,3,0
47,technician,3387.01,no,no,52,3,0
42,admin,6979.72,yes,no,14,1,0
30,management,157.01,yes,no,221,2,0
54,management,371.47,yes,no,303,3,0
39,technician,4204.7,yes,no,102,5,0
40,technician,4449.09,no,no,247,1,0
30,technician,143.94,yes,no,13,1,0
36,blue-collar,21.16,no,no,27,2,0
31,technician,245.93,yes,no,314,5,0
39,management,7734.53,no,no,119,2,0
59,technician,277.83,no,no,289,1,0
25,retired,977.56,yes,yes,463,3,0
23,technician,2641.28,no,no,497,1,0
57,technician,28.86,no,yes,49,1,0
38,blue-collar,1298.61,yes,no,173,2,0
33,retired,454.13,yes,no,344,2,1
52,management,2776.1,no,no,386,2,0
34,admin,466.65,yes,no,399,1,0
61,admin,1625.08,yes,no,67,2,0
48,blue-collar,1570.14,yes,no,55,3,0
35,management,350.53,no,no,231,4,0
64,admin,49.59,no,yes,351,1,1
34,management,736.91,no,no,99,1,0
49,blue-collar,477.9,yes,no,28,3,0
44,admin,2317.51,yes,no,327,2,0
55,management,2255.76,no,no,92,1,0
58,services,854.97,no,no,47,1,0
41,management,1305.79,yes,no,41,1,0
32,services,1297.8,yes,no,98,3,0
46,blue-collar,2457.53,yes,no,233,4,0
33,management,774.75,no,yes,115,2,0
63,management,451.08,no,yes,10,2,0
42,retired,431.11,no,no,26,2,0
36,management,1075.6,no,no,89,4,0
43,management,834.81,yes,no,280,3,0
26,technician,812.05,no,yes,26,2,0
30,blue-collar,133.79,no,no,213,1,0
54,blue-collar,1775.19,yes,no,33,1,0
33,management,336.65,no,no,61,1,0
29,technician,307.08,yes,no,49,2,0
46,management,745.25,no,no,18,2,0
54,management,361.88,no,yes,289,3,0
48,technician,1227.42,no,no,161,1,0
51,admin,650.11,no,no,462,1,0
32,management,834.2,yes,no,27,1,0
25,technician,1078.55,yes,yes,40,3,0
57,technician,318.6,yes,no,95,4,0
37,retired,237.03,no,no,377,1,0
38,retired,2973.3,no,no,94,3,0
55,admin,796.14,no,yes,136,8,0
47,management,743.66,yes,yes,93,1,0
46,management,50.77,no,yes,21,1,0
64,technician,964.75,no,no,729,1,1
33,technician,1130.94,no,yes,206,1,0
51,blue-collar,1145.69,yes,no,403,1,0
41,admin,1718.76,yes,yes,279,6,0
43,services,273.54,yes,no,187,2,0
57,services,406.91,no,yes,24,3,0
46,technician,2330.42,no,no,267,3,1
46,admin,4116.96,no,no,43,5,0
52,technician,204.55,yes,no,139,2,0
36,management,963.84,yes,no,257,1,0
31,admin,337.43,no,yes,396,1,0
29,management,86.73,no,no,300,2,0
19,technician,551.3,no,no,289,2,0
63,technician,217.17,no,yes,41,1,0
28,admin,1732.7,yes,no,110,1,0
38,admin,1068.17,no,yes,11,1,0
37,technician,217.41,no,no,330,1,0
44,admin,13.0,yes,no,792,2,1
49,technician,2311.51,yes,no,79,1,0
50,technician,271.35,yes,no,23,2,0
34,admin,1304.74,yes,yes,167,1,0
39,admin,575.21,no,no,505,1,1
44,retired,1232.91,yes,yes,208,2,0
38,management,531.01,yes,no,12,3,0
58,blue-collar,127.33,yes,yes,951,3,1
46,blue-collar,353.15,no,no,458,1,0
49,services,291.66,yes,no,36,4,0
48,management,782.11,no,no,662,2,0
53,admin,1503.28,yes,no,155,3,0
42,blue-collar,428.77,yes,no,120,2,0
26,technician,17.0,yes,no,160,3,0
45,blue-collar,1024.46,yes,no,467,3,0
33,technician,1303.11,yes,no,280,1,0
35,blue-collar,4610.68,yes,no,15,1,0
47,services,1246.43,no,no,821,1,1
54,blue-collar,891.93,no,no,41,3,0
41,blue-collar,1192.68,yes,yes,355,2,1
44,blue-collar,3681.59,yes,no,262,3,0
59,management,2467.45,no,yes,53,1,0
43,management,546.07,no,no,48,4,0
69,blue-collar,379.16,yes,no,531,1,0
47,technician,426.54,no,no,141,1,0
21,management,982.84,no,no,276,5,0
49,blue-collar,1907.88,no,yes,182,4,0
45,technician,979.45,yes,no,337,1,0
55,technician,98.29,yes,no,169,2,0
48,blue-collar,1800.17,yes,yes,88,3,0
39,management,2295.64,no,no,117,1,0
27,retired,478.5,no,no,509,1,1
38,services,1527.43,yes,no,164,3,1
31,admin,778.62,no,yes,62,3,0
34,management,3079.02,no,no,709,2,0
47,admin,2612.1,no,no,414,1,1
59,admin,1043.49,no,no,14,3,0
45,admin,1646.47,no,no,1781,1,1
27,management,3008.0,yes,yes,308,1,0
45,blue-collar,958.46,no,no,45,4,0
54,services,526.1,no,no,70,2,0
34,blue-collar,1961.49,yes,yes,306,3,0
39,blue-collar,347.96,yes,no,393,1,0
41,blue-collar,688.65,no,no,71,1,0
32,blue-collar,2811.03,yes,no,77,3,0
48,management,1804.44,no,no,95,1,0
39,blue-collar,724.08,yes,no,236,1,0
45,management,338.44,yes,no,49,1,0
31,technician,616.01,yes,no,28,2,0
36,technician,467.91,yes,no,295,2,0
48,blue-collar,271.17,no,no,392,3,1
36,management,1903.97,no,no,180,3,0
59,admin,406.62,yes,no,117,3,0
36,admin,847.62,yes,yes,147,3,0
43,management,682.54,yes,no,127,3,0
51,management,5630.37,yes,yes,836,3,1
25,management,694.52,no,yes,379,3,1
21,services,116.71,yes,no,60,1,0
24,blue-collar,131.77,yes,no,126,2,0
54,blue-collar,1250.81,yes,no,204,3,0
34,management,1280.58,yes,no,246,1,1
69,blue-collar,759.63,yes,no,164,1,1
34,services,791.5,yes,no,431,1,1
43,services,77.62,no,no,379,3,0
57,blue-collar,1017.52,no,no,182,2,0
63,management,983.74,no,no,501,3,1
63,management,226.78,yes,no,361,1,0
54,management,153.49,yes,no,392,3,0
52,technician,184.66,yes,no,814,1,1
47,management,149.11,no,yes,80,1,0
49,technician,1317.2,no,no,80,1,0
34,technician,306.26,yes,no,571,1,1
31,retired,405.43,yes,no,384,1,0
40,blue-collar,266.9,no,no,678,2,1
39,services,4432.64,no,no,16,1,0
36,admin,2699.74,no,no,256,5,0
48,management,366.81,no,no,40,2,0
51,admin,555.59,no,no,182,1,0
41,technician,329.82,yes,no,44,3,0
57,blue-collar,947.84,no,no,35,3,0
28,technician,27.73,no,no,10,4,0
38,retired,1557.94,no,no,258,1,0
33,technician,1036.8,yes,no,115,4,0
20,technician,3204.69,yes,no,28,2,0
40,retired,251.44,yes,no,101,1,0
39,management,2282.28,yes,yes,48,3,0
57,admin,2198.04,no,yes,738,6,1
47,admin,190.44,yes,no,100,4,1
29,services,711.8,yes,no,105,2,0
61,retired,261.12,no,no,476,1,0
54,retired,411.59,yes,no,271,3,0
47,management,427.7,yes,yes,322,2,0
38,services,1137.45,yes,no,262,2,0
30,blue-collar,742.04,no,no,759,3,1
36,blue-collar,4131.94,yes,no,60,1,0
52,management,189.14,no,no,1173,1,1
61,blue-collar,5093.04,yes,no,462,1,1
57,retired,367.07,no,no,231,4,0
35,services,2075.15,yes,no,282,1,0
28,technician,579.54,yes,yes,272,3,0
42,management,216.18,yes,yes,15,4,0
21,technician,2731.61,yes,no,63,1,0
44,services,517.18,yes,no,846,2,1
39,admin,1505.63,yes,no,198,1,0
35,blue-collar,1170.03,yes,yes,123,2,0
23,management,893.48,no,no,373,1,0
46,technician,958.75,yes,no,193,2,0
35,blue-collar,1844.72,yes,no,10,3,0
28,retired,128.61,no,no,346,1,0
18,blue-collar,1544.43,no,no,342,1,0
40,technician,3166.18,yes,no,46,1,0
60,blue-collar,83.34,yes,yes,816,4,1
59,management,212.22,no,no,65,3,0
35,retired,1765.41,yes,no,159,1,0
34,technician,804.97,no,no,31,2,0
46,blue-collar,723.46,yes,no,240,1,0
30,technician,206.22,no,no,122,2,0
44,admin,989.49,yes,no,113,6,0
49,blue-collar,189.42,no,no,456,6,1
54,admin,906.43,yes,no,10,2,0
39,technician,2019.21,no,no,415,2,1
38,technician,418.27,yes,no,220,3,0
31,management,917.62,yes,no,1111,2,1
31,blue-collar,6762.44,no,no,231,1,0
38,management,1624.61,yes,no,14,2,0
45,blue-collar,2577.54,no,no,13,2,0
51,services,750.24,yes,no,558,2,1
32,services,2044.59,no,no,478,4,0
57,technician,57.89,yes,yes,110,4,0
38,blue-collar,183.61,no,yes,250,2,0
40,management,317.78,no,no,174,1,0
32,admin,719.72,yes,no,888,2,1
18,services,2616.81,no,no,778,1,1
50,management,595.08,no,yes,1072,3,1
49,technician,1488.36,yes,no,523,2,1
37,services,1729.72,no,no,624,1,1
41,services,1235.26,yes,no,63,2,0
46,management,618.78,no,yes,462,3,1
23,blue-collar,1204.71,yes,no,320,3,0
35,management,586.54,yes,no,855,3,1
49,management,122.64,yes,no,220,1,1
27,services,6907.92,no,no,23,2,0
44,services,190.44,no,no,236,1,0
26,admin,105.14,no,no,301,2,1
46,management,2951.33,yes,yes,64,2,0
40,services,503.02,yes,yes,130,1,0
23,technician,1470.94,no,yes,237,4,0
53,technician,558.59,no,no,121,1,1
32,blue-collar,695.36,yes,no,122,2,0
32,management,425.55,yes,no,37,1,0
43,admin,588.19,yes,no,734,1,1
53,blue-collar,740.35,yes,no,360,2,0
29,management,1784.23,no,no,10,1,0
41,management,1003.09,yes,no,377,4,1
45,management,4024.54,no,yes,350,2,1
48,management,59.9,yes,no,10,1,0
42,blue-collar,979.02,yes,no,119,1,0
36,services,1228.65,no,no,242,5,0
31,management,3539.47,no,no,156,2,0
41,management,70.57,yes,yes,391,1,0
29,blue-collar,1193.0,no,no,144,2,1
18,admin,2690.26,yes,no,43,1,0
45,technician,387.77,no,no,974,2,1
50,technician,2925.77,yes,no,72,1,0
18,blue-collar,26.92,no,yes,328,3,1
29,technician,1845.85,yes,no,40,1,0
47,management,3786.66,yes,no,103,1,0
63,admin,1498.84,no,no,151,1,0
41,blue-collar,809.32,no,no,55,3,0
32,blue-collar,64.29,yes,no,155,3,0
38,admin,3538.01,yes,yes,44,2,0
56,admin,889.61,yes,no,212,2,0
33,management,41.2,no,no,283,3,0
32,technician,1638.85,no,no,16,3,0
35,management,920.45,no,no,532,2,1
30,management,185.9,yes,no,53,1,0
42,admin,337.6,no,no,66,1,0
58,services,93.33,yes,no,281,1,0
44,retired,1195.61,yes,no,164,1,0
38,blue-collar,1362.11,no,no,179,1,0
37,management,986.58,no,no,35,3,0
23,management,2378.36,no,no,426,2,1
50,admin,2762.68,no,no,249,3,0
40,blue-collar,1338.59,no,no,37,3,0
39,blue-collar,17.97,no,no,121,2,0
76,admin,1663.48,yes,no,432,4,0
44,admin,757.8,yes,no,218,1,0
32,services,1167.17,no,no,29,1,0
36,management,1466.08,no,no,121,3,0
53,admin,603.61,yes,yes,72,1,0
42,services,3486.14,yes,yes,189,1,0
25,technician,201.38,yes,no,481,3,1
51,blue-collar,1558.56,yes,no,149,1,0
33,technician,6.12,no,no,147,5,0
61,retired,3619.88,yes,no,612,1,1
52,management,167.09,no,no,223,1,0
36,blue-collar,139.57,yes,no,217,3,0
55,management,566.97,yes,no,78,2,0
41,admin,654.8,yes,no,243,4,0
50,management,337.65,no,no,223,5,1
46,management,1231.68,no,no,131,1,0
31,blue-collar,819.05,no,no,1216,1,1
33,services,48.68,yes,no,555,1,1
52,management,539.21,yes,no,360,1,0
37,management,2328.22,yes,no,200,3,0
36,admin,1638.31,yes,no,161,2,0
30,blue-collar,1806.72,no,no,53,3,0
45,services,1676.8,no,no,94,1,0
63,management,521.46,no,no,386,2,0
29,blue-collar,146.98,yes,no,157,2,0
41,management,445.33,yes,no,556,3,1
56,management,2495.52,yes,no,41,2,0
40,admin,5510.18,yes,no,184,3,0
45,blue-collar,953.28,no,no,270,5,0
29,admin,13.65,no,no,189,4,0
45,technician,211.22,yes,no,572,3,0
38,technician,544.22,yes,no,1186,1,1
51,technician,1209.79,no,no,32,1,0
54,retired,109.29,no,no,36,3,0
69,technician,4019.39,no,no,36,2,0
47,technician,635.97,yes,no,297,2,0
44,technician,3411.91,yes,no,121,2,0
43,blue-collar,2123.1,no,no,343,2,0
37,technician,1971.6,no,no,135,1,1
44,services,1306.53,yes,no,256,1,1
37,technician,1379.84,no,yes,381,2,1
42,services,1422.57,no,no,206,4,0
55,management,1387.12,yes,no,201,3,0
29,blue-collar,1129.56,yes,no,24,1,0
53,services,6018.2,yes,yes,137,4,0
55,management,1844.99,yes,no,205,1,0
39,retired,2100.48,no,no,161,3,0
18,blue-collar,2883.09,yes,no,600,3,1
34,retired,340.04,no,yes,616,1,1
55,admin,122.54,no,no,448,2,1
40,technician,923.31,yes,no,122,4,0
30,management,1010.4,yes,yes,328,4,0
35,technician,2474.02,no,no,130,2,0
50,management,821.24,no,no,68,1,0
47,management,1184.34,no,no,109,3,0
38,management,1048.33,yes,no,19,1,0
36,technician,54.53,yes,no,104,1,0
36,admin,1337.1,no,yes,160,1,0
30,management,2464.72,no,no,809,5,0
58,management,239.94,yes,no,97,4,0
37,blue-collar,1263.11,no,no,605,3,0
54,management,1260.62,yes,no,67,4,0
57,management,251.09,no,no,55,1,0
51,management,184.49,no,no,190,1,0
36,retired,5480.47,yes,no,290,3,1
45,services,700.58,no,yes,11,2,0
40,technician,361.23,yes,no,64,1,0
31,blue-collar,263.1,yes,no,158,2,0
44,blue-collar,1541.99,yes,no,104,2,0
28,admin,1316.26,yes,no,324,2,0
54,admin,1444.19,yes,no,186,1,0
35,blue-collar,128.97,no,yes,45,3,0
43,technician,3135.91,no,no,584,4,0
44,management,690.33,yes,no,90,5,0
38,blue-collar,526.34,no,yes,341,1,0
47,services,868.8,no,no,393,3,0
35,blue-collar,692.17,no,no,858,1,1
50,services,2788.79,no,no,179,3,0
26,retired,3708.26,yes,yes,248,1,0
42,management,506.27,yes,no,106,1,0
62,admin,2792.48,no,no,294,1,0
29,admin,2129.51,yes,no,161,3,0
33,retired,3739.21,yes,no,149,3,0
46,retired,394.84,yes,no,502,1,0
42,admin,1204.4,yes,no,13,2,0
44,management,449.34,yes,yes,555,2,0
46,admin,2432.93,yes,no,496,1,0
47,management,7.47,yes,no,183,1,0
53,admin,1164.79,no,no,175,1,1
45,services,580.03,no,no,116,2,0
38,technician,545.46,yes,no,1337,3,1
48,blue-collar,1449.52,yes,no,30,2,0
61,technician,2669.89,yes,no,231,2,0
39,technician,1315.37,yes,no,297,1,1
30,technician,2685.9,yes,no,708,2,1
53,admin,430.27,yes,no,393,1,0
39,retired,1026.1,no,yes,268,1,0
18,retired,838.34,yes,yes,32,2,0
50,management,16.4,yes,yes,121,1,0
35,services,1139.27,yes,no,38,2,0
40,admin,1516.62,no,yes,553,4,0
44,technician,1254.79,no,no,360,1,0
43,management,1866.01,no,no,368,5,0
48,technician,1185.93,no,yes,274,3,0
36,services,96.72,yes,no,183,1,0
46,blue-collar,173.32,yes,no,42,1,0
38,admin,1270.52,no,no,104,1,0
49,technician,450.18,yes,no,38,1,0
47,admin,116.19,no,no,335,3,0
30,management,785.99,no,yes,45,1,0
52,technician,1131.42,no,no,314,1,0
35,blue-collar,558.05,yes,no,306,1,1
49,management,1784.32,no,no,159,3,0
45,services,1445.05,yes,no,37,5,0
61,management,566.57,yes,no,98,3,0
38,blue-collar,1968.37,yes,no,100,2,0
37,technician,1464.54,no,no,313,1,0
40,blue-collar,1420.41,yes,yes,31,5,0
37,management,1128.62,yes,no,459,1,1
49,management,16.04,yes,no,372,2,0
23,services,1669.36,no,no,53,2,0
29,technician,660.34,no,no,330,4,1
29,admin,4001.03,no,no,287,4,0
51,retired,2385.13,yes,no,358,1,0
59,management,1240.39,yes,no,54,4,0
39,technician,406.83,no,yes,44,1,0
39,blue-collar,318.92,yes,no,70,2,0
41,retired,582.54,no,no,118,3,0
53,services,906.29,no,no,410,2,0
30,blue-collar,491.5,yes,no,348,3,1
43,admin,1012.85,yes,no,675,2,0
51,management,253.07,no,no,15,4,0
46,retired,5325.24,yes,no,10,3,0
43,retired,159.89,yes,no,312,3,0
52,management,3762.4,no,no,85,2,0
18,technician,3427.92,yes,no,105,1,0
48,management,1043.28,no,yes,205,7,0
33,technician,1806.92,yes,no,28,1,0
20,admin,801.9,no,no,267,1,1
46,technician,1392.08,yes,no,102,1,0
56,management,582.94,yes,no,260,2,1
39,technician,501.66,no,no,466,1,0
51,retired,1208.61,no,no,48,3,0
58,blue-collar,965.18,yes,no,694,1,0
55,technician,1212.96,yes,no,196,2,0
59,management,472.92,no,no,666,1,1
49,retired,640.11,yes,no,60,2,0
41,services,122.68,no,no,241,2,0
23,technician,75.17,no,no,134,4,0
38,management,409.22,no,no,386,1,1
31,management,108.01,yes,no,242,2,0
64,management,153.39,yes,yes,177,2,0
39,blue-collar,2346.77,no,no,634,3,1
42,retired,55.51,yes,no,123,1,1
47,blue-collar,1505.99,yes,no,64,3,0
41,services,445.51,yes,no,243,3,0
59,technician,2873.05,yes,no,254,1,1
34,admin,929.0,yes,no,150,2,0
43,admin,510.54,yes,no,173,1,0
32,management,1020.69,no,no,834,1,1
26,technician,673.68,yes,no,343,3,1
34,blue-collar,1163.13,yes,no,30,3,0
40,management,170.3,yes,yes,61,1,0
36,technician,8128.38,no,no,965,2,1
33,blue-collar,776.09,yes,no,337,2,0
25,retired,599.29,no,no,641,5,1
40,blue-collar,1734.04,no,no,94,2,0
24,admin,633.36,yes,no,352,1,0
49,technician,2507.97,yes,no,325,1,0
41,admin,847.89,yes,no,90,2,0
24,blue-collar,1779.95,no,yes,208,2,0
37,services,159.15,no,no,256,2,0
32,technician,2620.21,no,yes,170,3,0
44,blue-collar,1863.03,yes,no,456,1,1
55,blue-collar,333.06,no,yes,465,1,1
20,technician,219.78,yes,no,494,2,0
42,management,532.31,yes,yes,422,1,1
39,management,5225.71,no,no,174,2,0
48,management,415.57,no,no,124,4,0
43,services,852.66,yes,no,462,4,0
32,management,42.67,yes,no,175,1,1
37,management,708.7,yes,no,73,3,0
32,admin,1185.86,yes,no,184,1,0
52,technician,4284.37,yes,no,39,2,0
41,blue-collar,1018.07,no,no,305,2,0
61,management,2393.79,no,no,106,3,0
40,retired,1109.0,no,no,78,1,0
33,services,58.3,no,no,815,2,1
24,services,529.69,yes,no,390,2,0
21,technician,1199.74,no,no,402,2,1
23,admin,4210.76,no,no,254,1,0
43,management,2743.89,yes,no,475,1,0
46,management,362.92,no,yes,370,1,0
23,management,348.04,yes,no,237,2,0
50,blue-collar,314.46,no,no,844,1,1
35,blue-collar,3580.45,no,no,55,3,0
42,blue-collar,2681.08,yes,no,746,1,1
58,management,2087.59,no,no,133,4,0
50,technician,698.31,yes,no,195,2,0
38,admin,982.73,no,no,34,2,0
31,technician,873.94,yes,no,201,1,0
18,admin,409.11,yes,no,245,2,0
33,management,984.56,yes,no,1579,6,1
38,admin,43.36,no,no,961,2,1
30,blue-collar,197.88,yes,no,882,2,1
39,management,3047.44,no,yes,111,1,0
41,management,1950.25,yes,no,1232,4,1
38,blue-collar,769.56,no,no,158,1,0
33,services,1019.27,no,yes,496,1,0
42,technician,646.85,yes,no,63,3,0
45,technician,1890.11,yes,yes,183,2,0
29,services,2146.68,no,no,879,4,1
56,blue-collar,2017.26,no,no,763,1,1
39,technician,1795.27,no,no,299,1,1
41,blue-collar,320.31,yes,no,415,4,1
48,management,577.42,yes,no,50,4,0
43,blue-collar,888.42,no,no,332,5,0
51,technician,562.33,yes,no,250,1,0
44,retired,1968.75,yes,no,24,1,0
34,blue-collar,559.32,yes,no,31,4,0
44,blue-collar,208.28,no,no,29,2,0
28,blue-collar,712.92,no,no,335,1,0
42,services,5470.86,yes,yes,39,4,0
40,admin,358.44,yes,no,163,1,1
38,blue-collar,1326.02,yes,no,114,3,0
39,admin,794.29,yes,no,207,1,0
20,blue-collar,103.14,yes,no,318,2,0
34,blue-collar,936.87,no,no,300,1,0
42,management,1695.7,yes,no,188,4,0
42,blue-collar,1007.92,yes,no,162,1,0
29,management,2879.18,no,no,131,4,0
54,services,477.39,yes,no,514,1,0
31,technician,126.28,no,yes,104,3,0
51,retired,3860.85,yes,yes,78,1,0
45,blue-collar,665.18,yes,no,353,2,0
33,blue-collar,1202.57,no,no,115,1,1
60,blue-collar,2198.33,no,no,488,1,0
27,management,548.84,yes,no,103,2,0
51,technician,1763.1,no,no,314,1,0
52,management,203.71,no,no,12,1,0
33,blue-collar,482.04,yes,no,126,1,0
56,technician,218.84,yes,no,109,2,0
38,admin,2334.12,no,no,441,1,0
44,management,352.61,yes,no,887,1,1
43,management,1769.23,no,no,160,3,0
39,technician,4017.93,no,no,452,2,0
49,retired,1050.41,no,no,312,1,0
49,admin,1087.23,yes,no,889,2,1
21,technician,865.34,yes,no,433,1,0
55,blue-collar,552.11,no,no,20,2,0
22,management,903.85,yes,yes,324,1,0
52,retired,1292.67,yes,yes,199,3,0
53,blue-collar,5975.33,yes,no,10,2,0
28,technician,3887.56,yes,no,75,1,0
36,blue-collar,2774.25,no,no,662,3,0
28,management,3079.16,yes,yes,677,3,1
38,retired,883.16,no,no,416,2,0
37,management,1499.85,yes,no,1041,2,1
49,blue-collar,3156.2,no,no,427,2,1
55,management,698.8,yes,no,10,2,0
56,admin,4569.51,no,yes,88,3,0
34,admin,752.48,no,no,10,2,0
38,admin,1286.6,yes,no,25,1,0
22,blue-collar,1732.08,no,no,64,2,0
32,services,4210.7,yes,no,182,3,0
51,management,392.74,no,yes,489,2,0
58,technician,1919.31,no,no,514,2,1
27,management,1029.94,no,no,248,2,0
34,retired,437.83,no,yes,684,3,0
40,technician,2098.35,yes,no,180,2,0
44,admin,1124.84,yes,no,571,4,0
32,admin,1514.35,yes,no,157,2,0
45,management,545.91,yes,no,84,1,0
35,management,918.93,no,no,645,2,1
40,technician,1344.9,yes,no,127,2,0
47,technician,726.66,no,no,181,2,0
41,management,309.56,yes,no,103,2,0
36,management,4565.05,yes,yes,282,3,1
39,services,1002.89,no,no,1379,1,1
40,retired,1853.54,yes,no,10,3,0
36,technician,741.17,no,no,598,3,1
38,technician,614.19,yes,no,10,3,0
58,management,731.97,no,no,117,2,0
47,admin,736.78,yes,yes,48,3,0
37,services,1099.92,yes,no,368,2,0
48,management,1097.74,no,no,13,3,0
37,management,962.46,no,no,209,1,0
53,admin,202.69,yes,yes,90,1,0
45,blue-collar,959.46,yes,yes,37,2,0
39,management,259.35,yes,no,384,2,0
45,blue-collar,188.76,yes,no,63,3,0
23,technician,3776.9,no,no,65,3,0
28,technician,1300.24,no,no,83,3,0
27,admin,1508.24,yes,no,229,2,0
42,admin,719.35,yes,no,280,1,0
60,technician,3355.36,no,no,10,2,0
65,retired,1422.29,yes,no,71,2,0
48,technician,2052.5,no,no,146,3,0
46,admin,643.66,yes,no,104,1,0
21,blue-collar,4506.84,no,no,560,2,0
35,services,2404.31,yes,no,402,1,0
32,services,2693.31,no,no,255,3,0
34,management,264.57,yes,no,107,1,0
39,retired,442.44,yes,yes,313,1,0
35,services,470.89,no,no,482,6,0
19,admin,442.34,yes,no,234,2,1
49,management,2707.38,yes,no,399,1,0
29,admin,45.37,yes,no,359,2,0
43,services,110.81,yes,no,220,2,0
63,technician,448.12,no,no,97,1,0
30,retired,312.18,no,no,356,3,0
18,management,369.3,yes,no,60,2,0
37,management,2238.89,no,no,393,4,0
53,blue-collar,1159.36,yes,no,424,3,0
62,blue-collar,8.1,no,no,448,3,0
27,blue-collar,785.3,yes,no,166,1,0
46,management,733.68,no,no,55,1,0
35,retired,169.37,yes,no,27,5,0
39,management,1578.43,yes,no,353,1,0
70,management,1695.38,yes,yes,565,1,0
24,management,1786.63,yes,no,273,3,0
43,blue-collar,1825.16,no,no,40,2,0
46,retired,0.07,yes,no,710,6,1
52,blue-collar,4308.35,no,yes,1174,1,1
42,services,2356.38,yes,yes,147,4,0
44,management,3280.5,no,no,234,1,0
36,blue-collar,22.07,no,no,390,2,0
43,blue-collar,3802.35,no,no,346,1,0
37,blue-collar,2323.47,no,no,893,4,1
47,management,2541.49,no,yes,31,1,0
36,admin,137.1,yes,no,225,1,0
45,blue-collar,1879.34,no,yes,306,2,0
40,admin,4503.51,yes,no,574,1,1
53,blue-collar,1588.87,yes,no,538,1,1
40,management,1183.39,yes,no,992,1,1
21,blue-collar,4076.71,no,no,186,2,1
54,management,819.11,yes,no,461,2,0
31,services,1280.34,yes,no,144,3,0
33,blue-collar,905.67,yes,no,142,2,0
34,management,3781.08,no,no,75,1,0
56,retired,110.79,yes,no,443,1,0
18,blue-collar,973.54,yes,no,1106,1,0
75,management,1625.96,yes,no,77,4,0
52,blue-collar,2197.68,no,no,15,1,0
43,technician,1224.6,no,no,439,2,0
40,admin,3354.39,no,no,251,1,0
44,admin,3986.03,no,no,834,1,1
46,retired,93.07,yes,no,75,1,0
48,blue-collar,720.7,no,no,19,2,0
47,blue-collar,33.23,yes,no,176,3,0
41,admin,559.45,yes,no,23,1,1
38,management,1077.64,yes,no,78,2,0
39,blue-collar,3383.54,no,no,35,1,0
38,blue-collar,2624.17,no,no,65,1,0
53,management,190.95,yes,no,29,2,0
47,technician,136.7,no,no,800,5,0
18,services,1245.74,yes,no,84,3,0
48,services,1063.35,yes,no,152,2,0
43,management,433.67,yes,no,595,3,0
40,management,3215.98,no,no,294,1,1
36,technician,3671.26,no,no,250,3,0
53,services,721.26,yes,no,317,1,0
51,management,3094.04,no,no,458,2,1
32,admin,678.2,yes,no,546,1,0
45,management,1868.87,no,yes,267,2,1
30,blue-collar,904.61,no,no,573,2,1
25,technician,183.08,yes,no,199,5,0
34,admin,3682.25,no,no,84,1,0
50,management,847.44,no,no,551,3,0
51,blue-collar,1856.53,yes,no,202,1,0
46,management,640.58,no,yes,615,1,0
48,admin,26.69,yes,no,10,2,0
46,services,148.33,yes,yes,131,4,0
33,management,959.86,yes,no,767,1,1
45,services,1639.5,yes,no,74,1,0
49,blue-collar,570.6,no,no,738,1,1
49,management,1664.66,no,no,800,2,1
54,technician,1679.21,no,no,555,2,1
48,management,1704.05,yes,no,215,1,0
44,admin,949.62,yes,no,270,1,0
52,admin,3449.27,yes,no,529,3,1
40,management,940.48,yes,no,388,2,0
31,blue-collar,837.65,no,no,258,4,0
39,admin,311.32,no,no,1048,1,1
32,retired,514.74,yes,yes,300,3,0
33,blue-collar,60.56,no,yes,964,1,1
39,retired,1405.39,no,no,15,3,0
32,blue-collar,400.02,yes,no,38,1,0
37,technician,507.68,no,no,156,1,0
20,services,2062.51,yes,no,126,1,0
43,blue-collar,554.87,yes,no,396,3,1
41,blue-collar,388.26,yes,no,45,2,0
32,blue-collar,259.27,yes,no,970,2,1
48,services,2087.44,yes,no,98,2,1
51,services,194.49,yes,no,145,1,0
23,technician,846.56,yes,no,83,4,0
32,technician,989.95,no,yes,225,4,0
32,blue-collar,1627.92,no,no,15,1,0
30,blue-collar,1404.43,no,no,42,2,0
50,management,2330.34,yes,no,356,2,0
38,admin,64.1,yes,no,53,4,0
38,blue-collar,492.24,yes,no,69,4,0
18,technician,460.17,yes,yes,409,1,0
47,management,220.98,no,no,25,3,0
27,management,477.87,no,yes,149,2,1
41,retired,519.01,no,no,10,3,0
44,technician,1033.06,no,no,110,1,0
55,management,1525.67,yes,no,312,2,0
26,blue-collar,671.74,yes,no,24,2,0
18,technician,1779.51,no,no,569,4,0
43,management,573.61,yes,no,624,1,1
60,technician,480.05,yes,no,28,3,0
54,blue-collar,1090.76,yes,no,1217,6,1
43,blue-collar,33.6,yes,no,91,1,0
35,technician,116.41,yes,no,22,3,0
49,technician,757.73,no,no,10,1,0
30,retired,4008.44,no,yes,136,3,0
46,technician,1789.73,yes,yes,258,1,0
46,technician,129.16,yes,no,104,3,0
52,management,2622.02,no,no,471,2,0
71,blue-collar,1845.05,yes,no,327,4,0
45,admin,1321.65,yes,no,112,2,0
35,management,2403.0,yes,yes,344,2,0
40,admin,724.78,yes,no,733,1,1
21,management,350.54,no,no,25,1,0
33,technician,1004.48,no,no,95,1,0
36,admin,1114.31,yes,no,161,3,1
35,technician,1082.06,yes,no,179,1,0
42,blue-collar,1165.61,yes,yes,203,3,0
31,management,4158.22,yes,no,92,2,0
53,admin,3255.42,no,no,286,2,0
41,management,2919.27,no,no,269,3,0
40,services,2263.17,yes,no,224,3,1
37,management,4021.14,no,no,31,3,0
42,services,145.17,no,no,168,1,0
50,technician,431.27,no,no,114,1,0
31,admin,956.63,yes,yes,175,1,0
33,technician,2623.99,yes,no,662,2,1
37,services,984.95,no,yes,170,1,0
26,management,1929.85,yes,no,10,5,0
31,management,209.46,no,no,150,3,0
35,blue-collar,407.27,no,no,446,2,0
50,management,1842.31,no,yes,393,2,1
43,management,252.01,yes,no,187,1,0
43,retired,606.02,no,no,74,1,0
50,retired,430.78,yes,yes,162,1,0
39,technician,602.8,no,no,215,1,0
45,retired,1724.96,yes,yes,2329,3,1
39,blue-collar,642.07,yes,no,268,5,0
43,technician,1134.38,no,yes,308,1,0
34,admin,147.4,yes,no,175,3,0
18,blue-collar,2288.79,yes,yes,113,2,0
39,retired,646.6,no,no,435,2,1
56,technician,1463.9,yes,no,177,1,0
51,admin,1809.36,no,no,1361,1,1
51,management,329.41,yes,no,158,1,0
54,management,3024.0,no,yes,18,3,0
41,management,1340.78,no,no,298,3,0
43,retired,783.84,yes,yes,12,2,0
34,admin,281.82,yes,no,74,2,0
37,admin,3993.52,no,yes,113,1,0
47,blue-collar,1969.49,yes,no,349,3,0
54,technician,326.51,yes,no,177,2,0
39,management,576.87,no,no,10,1,0
36,technician,2322.63,yes,no,249,1,0
41,technician,1665.53,yes,no,137,2,0
47,admin,2032.12,no,no,662,5,1
25,blue-collar,814.75,yes,no,179,2,0
18,management,1764.64,yes,no,320,2,0
34,management,683.99,yes,no,64,2,0
27,management,332.25,no,no,372,5,0
35,technician,1402.12,no,no,331,1,0
39,retired,5222.39,no,no,609,1,1
36,blue-collar,520.71,yes,no,10,1,0
56,admin,865.18,yes,no,154,1,1
44,blue-collar,1569.21,yes,no,295,3,0
44,technician,1091.73,yes,no,26,1,0
47,management,2595.93,no,no,137,3,0
28,services,2008.17,yes,no,740,1,1
52,admin,84.09,yes,no,148,2,0
40,management,9031.56,yes,no,1099,1,1
48,blue-collar,1954.33,no,no,15,5,0
29,blue-collar,2792.15,no,yes,328,1,0
23,blue-collar,1474.55,no,yes,226,5,0
49,retired,2715.89,no,yes,180,1,0
45,blue-collar,166.9,yes,no,919,2,1
31,blue-collar,598.23,yes,no,36,1,0
31,management,2927.22,yes,no,588,2,1
53,management,315.3,no,no,305,1,0
27,management,114.06,no,no,77,2,0
59,management,2172.42,yes,no,603,2,0
31,admin,2526.66,no,no,145,1,0
48,admin,248.52,no,no,437,2,0
37,management,2697.13,no,yes,128,5,0
47,services,1625.13,no,yes,494,6,0
35,management,1027.8,no,yes,263,2,0
39,technician,2482.8,yes,no,39,3,0
41,management,760.81,no,no,272,2,1
29,technician,301.93,no,yes,55,4,0
49,technician,469.37,yes,yes,138,4,0
35,blue-collar,984.94,no,no,48,2,0
38,technician,1061.0,no,no,10,1,0
30,retired,2292.83,yes,no,61,2,0
18,management,2193.95,no,no,199,2,0
38,management,1219.06,yes,no,170,1,0
67,management,2124.79,no,no,180,4,0
49,blue-collar,298.08,no,yes,73,2,0
40,management,71.91,yes,no,300,1,1
38,services,2896.0,yes,no,316,3,0
41,blue-collar,109.99,no,no,115,1,0
47,blue-collar,396.59,yes,no,553,4,0
28,blue-collar,1663.89,yes,no,268,2,0
53,management,737.38,yes,no,324,4,0
48,management,2926.01,yes,yes,84,5,0
48,technician,495.31,yes,no,10,2,0
45,blue-collar,16.72,no,yes,521,1,0
41,management,500.66,no,no,449,4,0
48,management,1208.1,no,no,34,1,0
47,retired,660.11,no,no,121,3,1
37,management,1071.62,yes,no,281,3,0
34,admin,2929.23,yes,no,274,1,0
42,admin,3410.32,yes,no,511,4,0
58,technician,432.9,no,no,39,3,0
27,management,868.22,no,no,146,1,0
24,management,1115.25,no,no,26,1,0
42,admin,4169.39,no,no,128,4,0
41,blue-collar,9217.22,no,no,10,1,0
42,admin,375.78,yes,no,594,2,0
43,retired,1817.49,yes,no,194,1,0
38,admin,664.81,yes,yes,492,1,0
57,management,11.4,yes,no,16,3,0
23,management,13.01,no,no,67,4,0
31,services,864.13,yes,no,78,1,0
39,management,938.12,no,yes,127,2,0
22,management,31.96,no,yes,422,1,0
39,admin,1625.85,yes,no,127,2,0
59,technician,487.4,yes,no,59,2,0
41,retired,1149.03,yes,no,17,3,0
43,blue-collar,501.18,yes,no,21,1,0
27,management,256.04,no,no,371,1,1
34,retired,732.0,yes,yes,152,2,0
36,technician,370.05,no,yes,336,1,0
37,technician,1071.41,no,no,298,1,0
55,technician,310.35,no,no,37,5,0
47,management,994.14,no,no,40,2,0
28,blue-collar,239.73,yes,yes,366,3,0
43,management,1556.27,yes,yes,332,3,0
46,technician,1963.04,yes,no,123,3,0
53,technician,163.77,yes,no,20,2,0
58,admin,883.04,no,no,10,3,0
29,admin,102.91,no,no,88,2,0
32,management,1276.46,yes,no,10,2,0
27,technician,429.9,yes,no,67,3,0
38,technician,1049.97,yes,yes,141,1,0
46,management,1020.17,no,no,33,1,0
51,admin,3614.37,no,yes,28,3,0
40,admin,1115.06,no,no,589,1,1
37,management,1224.53,no,no,228,2,0
42,technician,719.02,yes,no,708,2,0
31,management,4168.49,yes,yes,110,4,0
63,blue-collar,2101.98,yes,no,293,2,0
23,management,470.46,yes,no,59,1,0
43,retired,2602.94,no,no,250,1,0
63,admin,792.86,no,no,36,1,0
41,technician,2469.81,no,yes,10,1,0
38,blue-collar,2423.36,yes,no,697,1,1
37,services,293.06,yes,no,210,1,0
39,blue-collar,1690.9,yes,no,680,1,1
56,management,480.75,yes,yes,105,2,0
18,technician,494.34,no,no,103,1,0
57,services,492.06,yes,no,133,2,0
25,blue-collar,1810.27,no,no,318,4,0
38,blue-collar,365.59,no,no,216,1,0
36,services,1.27,yes,no,674,3,0
47,services,1758.54,no,no,10,2,0
23,services,262.86,yes,no,320,4,1
46,management,154.49,no,no,104,4,0
63,blue-collar,379.64,no,no,51,4,0
26,admin,669.03,no,no,185,2,0
43,admin,904.52,yes,yes,182,3,0
33,blue-collar,63.83,yes,no,38,2,0
45,management,4936.2,yes,no,58,1,0
41,admin,1762.6,yes,no,136,2,0
33,admin,546.52,no,yes,136,2,0
46,management,537.25,no,no,99,4,0
60,blue-collar,833.27,yes,no,41,3,0
38,management,1377.82,yes,no,10,1,0
48,technician,221.57,yes,yes,913,1,1
26,management,293.16,yes,no,747,2,1
30,technician,2746.92,yes,no,171,3,0
46,blue-collar,414.48,yes,no,1380,3,1
57,blue-collar,669.69,no,no,291,2,0
44,blue-collar,2870.07,yes,no,18,1,0
37,services,1523.36,yes,yes,32,1,0
40,management,585.36,no,no,644,2,1
27,management,1611.49,yes,yes,258,3,0
47,services,27.83,no,no,481,1,0
50,management,1862.63,no,no,594,1,1
36,retired,934.51,no,no,154,1,0
35,services,2348.67,yes,no,12,2,1
43,blue-collar,4330.3,yes,yes,54,5,0
36,retired,3641.17,no,no,17,1,0
40,management,3359.74,no,no,54,2,0
64,technician,1004.9,yes,no,137,1,0
38,blue-collar,625.11,yes,no,32,1,0
37,technician,875.78,yes,no,47,1,0
33,retired,1639.19,yes,yes,153,2,0
49,management,3015.8,no,no,108,2,0
39,blue-collar,324.68,yes,no,163,1,0
33,blue-collar,3504.75,yes,no,145,1,0
55,blue-collar,2363.72,no,no,268,1,1
56,technician,5398.96,yes,no,719,4,1
34,technician,2971.31,no,yes,29,3,0
20,services,459.78,no,yes,27,3,0
52,management,156.8,yes,no,498,2,0
33,services,166.68,no,yes,183,1,0
49,blue-collar,481.9,no,no,378,3,0
19,admin,1333.35,yes,no,63,2,0
50,admin,2283.79,yes,no,458,2,1
27,management,3213.16,yes,no,669,3,0
49,blue-collar,1368.51,no,no,262,2,0
41,services,7.91,no,no,29,1,0
30,technician,288.66,yes,no,586,3,0
36,retired,147.08,no,no,408,3,0
48,blue-collar,632.09,yes,no,361,2,0
42,management,974.19,no,yes,10,4,0
47,technician,62.11,no,no,417,1,0
62,retired,599.82,yes,no,38,2,0
23,technician,276.43,no,no,65,2,0
58,services,1458.08,no,no,223,2,0
42,services,873.78,no,no,80,3,0
31,technician,957.36,yes,no,281,1,0
26,management,781.31,no,no,243,1,0
38,admin,4373.62,no,yes,29,1,1
51,technician,338.43,yes,yes,277,2,0
39,admin,1017.86,yes,no,669,1,1
57,technician,1864.62,yes,no,45,1,0
25,blue-collar,1139.37,no,no,236,2,0
40,admin,3703.52,no,no,108,5,0
27,technician,664.67,yes,no,160,4,0
44,technician,872.22,no,yes,87,3,0
50,technician,129.76,yes,no,113,1,0
36,technician,1314.66,no,yes,10,1,0
18,blue-collar,475.97,yes,no,1038,1,1
43,admin,244.61,yes,no,254,3,1
45,technician,1101.0,yes,no,180,1,0
45,blue-collar,1063.93,yes,no,125,1,0
54,admin,110.47,no,no,201,5,0
29,technician,1677.26,no,yes,124,1,0
48,technician,1368.58,yes,no,115,2,0
54,retired,293.31,yes,no,162,1,1
21,admin,887.34,yes,no,83,1,0
44,blue-collar,1783.77,no,no,51,1,0
35,blue-collar,1055.35,no,no,211,1,0
40,management,704.67,yes,no,481,2,0
44,blue-collar,544.75,no,no,43,2,0
35,blue-collar,1319.67,yes,no,10,2,0
33,blue-collar,3918.13,no,no,73,2,0
41,technician,1559.55,no,no,1013,1,1
29,management,108.76,no,yes,458,3,0
29,management,864.44,no,no,235,2,0
48,retired,3100.71,no,yes,688,4,0
28,technician,138.92,no,no,153,3,0
48,blue-collar,6298.07,no,no,1063,1,1
46,management,4168.21,yes,no,91,1,0
22,management,114.11,yes,yes,71,2,0
33,admin,3792.95,yes,no,264,3,0
54,blue-collar,631.67,no,no,123,3,0
30,blue-collar,2607.44,yes,yes,255,2,0
35,management,758.72,yes,no,94,1,0
46,admin,813.89,yes,yes,250,1,0
49,management,1408.1,yes,no,83,3,0
38,management,2085.07,no,no,13,4,0
34,blue-collar,48.12,no,no,632,2,0
56,technician,1259.06,no,no,558,4,1
60,management,289.37,no,no,918,3,1
51,blue-collar,594.4,no,no,327,1,0
41,blue-collar,598.73,yes,no,298,2,0
32,services,886.35,yes,yes,212,3,0
31,technician,569.34,no,no,34,2,0
46,management,159.0,yes,no,54,2,0
45,technician,220.35,yes,no,88,2,0
56,retired,47.61,no,no,574,1,1
48,blue-collar,889.49,yes,no,49,3,0
24,admin,4324.45,yes,no,666,4,0
52,management,172.1,yes,no,192,1,0
30,blue-collar,4093.15,yes,yes,326,1,0
36,management,1850.61,yes,no,30,1,0
43,blue-collar,1420.62,yes,no,81,2,0
62,retired,1450.99,no,yes,827,3,1
75,retired,2454.05,no,no,80,2,0
47,blue-collar,158.31,yes,no,91,4,0
38,blue-collar,983.78,no,no,57,2,0
46,retired,1672.05,yes,no,35,1,0
50,admin,1237.42,yes,yes,69,4,0
37,management,2503.82,yes,no,267,1,0
60,blue-collar,105.02,no,no,157,2,0
43,management,1642.83,yes,no,209,5,0
46,blue-collar,1069.08,no,no,33,1,0
48,blue-collar,667.36,no,no,421,2,0
45,blue-collar,582.31,yes,no,398,2,0
50,technician,1357.69,no,no,10,1,0
34,management,3102.91,no,no,125,4,0
34,blue-collar,959.74,yes,no,18,7,0
28,services,2437.94,yes,no,408,5,0
45,blue-collar,720.2,no,no,347,2,0
49,technician,151.23,no,yes,603,4,0
46,retired,88.87,yes,no,70,3,0
59,services,73.78,yes,no,158,2,0
40,management,669.59,yes,no,53,2,0
48,management,575.87,yes,no,120,1,0
28,admin,1771.87,yes,no,192,2,0
36,services,1901.18,no,no,14,5,0
48,retired,73.07,no,no,326,1,1
50,services,349.86,yes,yes,203,1,0
37,blue-collar,448.79,no,no,459,3,0
40,blue-collar,1110.5,no,no,82,2,0
24,management,218.52,yes,no,607,2,0
37,management,201.32,yes,no,1726,4,1
50,blue-collar,4030.1,yes,no,654,2,1
47,blue-collar,2282.95,no,no,391,1,1
46,blue-collar,278.95,yes,no,435,4,1
41,admin,730.57,no,no,221,1,0
41,technician,615.26,yes,no,54,3,0
33,blue-collar,2191.62,yes,no,293,1,0
48,management,999.3,yes,no,324,3,0
45,technician,191.51,yes,no,1098,2,1
46,admin,1880.49,no,no,202,2,0
35,admin,707.91,no,no,82,2,0
18,retired,427.09,yes,no,299,2,0
53,technician,659.12,no,yes,1009,1,1
35,blue-collar,964.14,no,no,50,2,0
31,technician,588.35,yes,no,102,2,0
48,technician,387.73,no,no,202,2,0
36,services,711.66,yes,no,48,1,0
52,admin,27.1,no,yes,10,2,0
47,services,2072.83,yes,yes,106,3,0
48,management,262.46,no,no,521,2,1
25,services,62.86,yes,yes,11,1,0
54,management,1484.62,no,no,145,1,1
43,services,2081.71,no,no,373,1,1
36,technician,2353.53,yes,no,795,1,1
42,technician,952.35,yes,yes,1100,2,1
21,blue-collar,321.83,yes,no,142,1,0
45,retired,1871.05,no,no,780,1,1
29,management,1684.22,yes,yes,10,1,0
26,technician,395.81,no,no,356,3,1
24,services,3272.16,yes,no,267,1,0
53,technician,154.32,yes,no,74,1,0
34,management,5678.92,yes,no,184,1,0
57,technician,2755.04,yes,no,36,2,0
35,technician,1630.2,no,no,533,2,0
22,services,3909.91,no,no,115,1,0
28,admin,1793.76,yes,no,255,1,0
54,blue-collar,295.8,yes,no,44,2,0
39,retired,817.15,yes,no,60,2,0
34,blue-collar,103.86,no,no,1253,1,1
42,management,691.23,yes,yes,363,3,0
46,technician,1894.56,no,no,850,3,1
53,technician,683.88,no,no,91,3,0
56,management,561.28,yes,no,46,1,0
37,retired,1266.65,no,no,181,1,0
26,admin,2880.25,yes,no,177,1,0
36,technician,68.25,yes,no,49,3,0
43,blue-collar,681.66,yes,no,343,1,0
30,admin,241.17,yes,no,116,1,0
30,retired,1664.05,yes,no,53,2,0
44,services,156.44,yes,no,104,4,0
40,blue-collar,1530.27,yes,no,215,4,0
41,admin,471.98,yes,no,337,1,0
32,blue-collar,310.51,no,no,170,9,0
38,blue-collar,3856.15,no,no,193,1,0
30,management,26.18,yes,no,38,1,0
50,management,806.2,yes,no,639,1,1
52,blue-collar,30.61,yes,no,686,1,1
20,technician,925.2,no,yes,299,1,0
30,management,973.34,no,no,10,4,0
24,admin,543.35,yes,yes,200,1,0
33,management,198.45,yes,no,257,2,0
40,blue-collar,661.12,yes,no,1360,2,1
25,blue-collar,1561.76,yes,no,1439,1,1
30,retired,2135.11,no,no,506,3,1
29,blue-collar,1059.27,no,yes,17,1,0
43,management,1247.67,yes,no,796,1,1
41,blue-collar,313.48,yes,no,246,3,1
33,services,474.23,yes,no,419,4,0
42,retired,247.26,yes,no,135,1,0
34,technician,401.44,no,no,100,2,1
38,technician,356.64,yes,no,161,2,0
59,services,1025.95,yes,no,41,2,0
55,management,1157.95,yes,no,114,1,0
26,blue-collar,4059.25,no,no,506,2,1
50,technician,304.67,no,no,10,1,0
49,management,1436.84,yes,no,42,2,0
28,technician,2379.56,yes,yes,34,4,0
50,technician,1150.14,yes,no,134,1,0
57,admin,412.13,no,yes,1509,1,1
28,retired,426.38,yes,yes,49,1,0
30,technician,56.06,yes,no,40,2,0
52,admin,510.28,yes,yes,641,3,0
43,management,1910.91,no,no,555,1,0
47,blue-collar,68.16,yes,yes,10,3,0
44,management,346.58,yes,no,362,4,0
45,retired,1714.95,no,yes,277,1,0
26,admin,2136.75,no,yes,379,2,0
52,blue-collar,850.58,no,no,177,3,0
53,services,1676.6,no,no,1235,3,1
38,blue-collar,687.32,yes,no,11,1,0
40,retired,243.95,yes,no,69,2,0
24,admin,710.84,no,no,131,3,0
46,retired,1214.39,yes,no,155,4,0
47,blue-collar,4140.55,no,no,661,2,0
40,management,99.72,no,yes,213,1,0
53,blue-collar,991.26,yes,no,12,3,0
37,management,558.41,yes,yes,136,2,0
47,blue-collar,993.87,no,no,140,1,0
29,blue-collar,33.97,no,no,875,4,1
40,blue-collar,525.64,no,no,237,5,1
39,management,2399.69,yes,no,262,2,0
43,management,1130.23,yes,no,324,1,1
36,blue-collar,838.46,yes,no,382,3,0
39,retired,470.69,yes,no,262,3,0
50,technician,495.44,yes,no,70,2,0
36,technician,676.27,no,no,538,3,1
23,admin,2527.38,no,no,342,1,1
60,blue-collar,4784.82,no,no,352,4,1
56,technician,808.39,yes,no,1474,1,1
26,technician,699.73,yes,no,421,1,0
48,management,2624.14,no,no,459,2,1
35,retired,779.39,yes,no,786,2,1
43,management,1124.2,yes,no,42,1,0
44,technician,367.62,yes,no,179,3,0
38,management,1904.89,no,no,225,4,0
32,management,1062.97,no,no,103,2,0
33,admin,2317.93,yes,no,475,1,0
30,management,2124.45,no,no,373,2,0
31,management,338.91,yes,yes,331,3,0
40,blue-collar,1760.5,yes,no,1523,2,1
33,management,2253.59,no,yes,78,2,0
48,management,594.74,no,no,345,3,0
57,admin,265.27,no,no,208,2,0
34,admin,3.69,no,no,97,1,0
43,services,839.27,no,no,45,1,0
46,services,608.35,no,yes,588,3,1
46,admin,1133.27,no,yes,235,1,0
41,management,291.63,no,no,453,4,0
49,admin,2749.22,no,no,204,1,0
46,services,417.31,no,no,64,3,0
27,admin,359.43,yes,no,107,2,0
50,blue-collar,917.42,no,no,124,3,0
50,management,967.19,yes,no,938,1,1
32,services,339.05,yes,no,10,1,0
41,admin,444.17,no,no,1103,4,1
48,retired,260.36,yes,no,1023,1,1
38,management,1774.47,yes,no,1445,1,1
52,management,2058.09,no,no,168,3,1
67,management,868.71,yes,no,862,1,1
32,admin,1752.89,yes,no,130,2,1
25,management,1864.19,no,no,10,1,0
44,management,208.35,yes,no,66,3,0
48,retired,4741.3,yes,no,755,1,1
38,management,2408.77,yes,no,10,1,0
56,services,320.27,yes,no,205,3,0
26,technician,288.4,no,no,20,1,0
48,services,188.0,no,no,87,3,0
34,blue-collar,208.51,yes,no,23,3,0
59,services,1930.56,no,no,510,4,0
62,retired,887.92,yes,no,232,3,1
32,management,2138.58,yes,yes,604,3,1
34,management,1920.0,no,no,303,1,0
50,technician,1299.05,no,no,920,3,1
36,blue-collar,1623.34,no,no,185,2,0
40,services,25.94,yes,no,264,4,0
41,blue-collar,523.1,yes,no,223,1,0
19,blue-collar,1421.87,yes,yes,172,1,0
40,management,13.14,yes,no,486,1,0
33,admin,46.95,no,no,268,2,0
35,retired,2673.7,yes,no,420,1,1
56,technician,1612.93,no,no,401,2,0
27,blue-collar,431.74,yes,no,55,2,0
49,management,1630.49,yes,yes,273,1,0
37,blue-collar,2201.38,yes,no,57,1,0
37,blue-collar,513.0,yes,no,227,4,0
49,management,51.38,no,no,294,3,0
44,technician,3779.68,yes,no,1531,2,1
47,technician,592.75,yes,no,10,1,0
51,blue-collar,157.62,no,no,24,1,0
37,blue-collar,947.79,no,no,20,1,0
34,management,2048.25,yes,no,132,3,0
29,admin,350.81,yes,no,448,2,0
31,admin,439.62,no,no,483,1,1
73,technician,389.22,no,no,347,1,0
54,management,6703.56,no,yes,590,3,1
26,admin,307.86,yes,no,101,1,0
26,retired,1199.65,no,no,23,2,0
46,management,3631.32,yes,no,15,1,0
47,technician,222.42,yes,no,496,2,0
47,management,4949.62,no,no,340,3,0
38,blue-collar,4125.11,yes,no,311,1,0
39,management,3022.75,yes,no,107,2,0
44,technician,338.11,yes,no,124,1,0
41,admin,1407.38,yes,no,824,2,1
18,blue-collar,2003.17,no,no,17,2,0
38,technician,5978.97,no,no,386,3,1
31,technician,278.56,yes,no,96,1,0
42,blue-collar,2033.56,yes,yes,10,1,0
73,management,579.18,no,no,352,2,0
45,management,270.38,no,no,104,4,0
37,services,765.95,yes,no,332,2,0
51,management,2210.72,no,no,319,2,0
46,admin,875.29,no,no,198,2,0
45,retired,1079.62,yes,no,390,2,1
47,technician,7463.01,yes,no,226,1,0
63,technician,713.08,yes,no,87,1,0
28,blue-collar,1337.77,no,yes,344,1,0
46,services,636.32,yes,no,231,2,0
30,retired,698.42,yes,no,10,2,0
47,admin,1665.37,yes,no,602,1,1
30,management,3890.32,no,no,205,1,0
36,blue-collar,1094.34,yes,yes,527,1,0
37,technician,2047.84,no,no,557,2,0
51,blue-collar,130.81,no,no,153,3,0
51,management,332.06,yes,no,184,1,0
27,management,976.39,yes,no,139,4,0
41,admin,28.3,yes,no,155,1,0
33,blue-collar,408.09,no,no,586,3,0
27,technician,1020.0,yes,yes,403,1,0
38,technician,21.1,yes,no,35,2,0
37,services,430.17,yes,no,245,1,1
67,admin,1010.25,yes,no,1429,3,1
45,technician,1191.85,no,no,235,1,0
25,management,3640.48,no,no,400,3,0
34,technician,1451.26,no,yes,381,1,0
52,retired,749.97,yes,no,112,1,0
63,blue-collar,3730.01,yes,no,120,3,0
23,blue-collar,2151.2,no,no,334,2,0
20,blue-collar,312.42,yes,no,180,2,0
61,technician,196.32,no,no,219,4,0
45,admin,1577.0,yes,no,324,1,0
31,blue-collar,1149.0,yes,no,390,3,1
46,management,2182.73,no,yes,82,2,0
18,management,1879.48,no,no,41,6,0
41,blue-collar,1373.95,no,no,89,2,1
44,retired,6014.93,yes,no,184,1,0
51,technician,1067.77,yes,no,108,1,0
29,services,168.04,no,no,218,1,0
41,admin,2466.59,no,yes,14,4,0
30,management,406.22,no,no,185,2,0
43,management,2102.72,yes,no,119,4,0
31,management,4408.67,no,no,198,4,0
36,admin,1670.69,no,no,142,1,0
30,management,1268.98,no,yes,86,1,0
48,technician,863.66,yes,no,609,1,0
50,blue-collar,634.48,yes,no,53,3,0
38,admin,609.58,no,no,297,2,1
41,management,1416.28,no,no,672,4,1
25,technician,1947.96,no,no,201,1,1
37,blue-collar,1588.74,no,no,543,1,1
40,blue-collar,309.62,no,no,34,4,0
69,admin,953.67,yes,yes,177,5,0
28,management,2195.88,yes,no,158,2,0
57,admin,903.98,yes,yes,10,2,0
51,admin,1076.9,yes,no,152,2,1
44,blue-collar,2064.48,yes,yes,119,1,0
60,admin,1515.55,yes,no,288,4,0
45,technician,737.13,yes,yes,724,2,0
45,management,3160.83,yes,yes,23,1,0
40,blue-collar,248.38,yes,no,103,3,0
54,blue-collar,7570.28,yes,no,152,1,0
53,blue-collar,177.14,yes,no,157,1,0
34,technician,21.09,no,no,387,3,1
26,services,3090.43,yes,yes,152,1,0
38,blue-collar,393.37,yes,no,10,1,0
32,management,1831.51,no,no,321,1,0
40,technician,2332.53,no,no,561,4,1
54,admin,2742.46,yes,no,187,2,0
35,admin,6690.37,no,no,226,1,0
40,blue-collar,487.47,no,no,46,3,0
41,services,1734.2,no,no,64,3,0
50,technician,171.67,yes,no,69,4,0
18,technician,731.14,no,no,146,2,0
34,services,2637.16,yes,no,684,2,1
43,services,641.65,no,no,191,3,1
54,admin,1251.98,no,no,55,1,0
35,services,981.01,yes,yes,80,3,0
20,management,1453.65,no,no,125,1,0
47,services,5051.22,yes,no,253,2,0
34,technician,80.29,no,yes,150,3,0
27,management,1194.52,no,no,129,3,0
34,management,2783.18,yes,yes,216,1,0
38,technician,919.22,no,no,71,2,0
34,technician,114.49,yes,no,21,2,0
18,technician,1151.09,yes,yes,10,2,0
50,management,565.01,no,yes,75,1,0
55,technician,235.69,yes,no,24,1,0
48,blue-collar,2646.99,no,no,106,1,1
28,technician,1032.23,yes,no,385,1,0
38,technician,3790.08,yes,no,327,4,0
40,admin,2295.98,no,no,245,3,1
47,services,1653.14,yes,no,497,3,1
48,admin,7.05,no,no,86,4,0
32,technician,781.63,no,no,562,1,1
41,admin,308.01,no,no,132,4,0
46,management,3383.59,no,no,133,1,0
57,management,268.61,no,no,135,2,1
48,technician,471.74,yes,no,26,2,0
49,admin,1018.36,no,no,964,1,1
41,management,427.93,yes,no,38,2,0
56,management,329.77,yes,no,108,2,0
45,management,1279.66,no,no,100,2,0
31,services,130.39,no,no,20,1,0
56,blue-collar,83.9,no,no,42,4,0
48,technician,651.85,no,no,11,3,0
36,blue-collar,1785.48,no,no,89,3,0
35,blue-collar,1132.95,no,no,523,3,1
44,blue-collar,769.58,yes,no,107,4,0
46,management,1167.79,yes,no,34,1,0
43,services,636.78,yes,no,269,3,0
44,technician,3851.63,no,no,1477,2,1
59,admin,79.06,yes,no,68,4,0
52,management,1566.59,yes,no,85,1,0
43,technician,3106.61,yes,no,928,1,1
51,technician,2280.67,no,no,51,1,0
29,blue-collar,284.75,no,yes,186,2,0
45,management,491.22,yes,yes,71,3,0
60,admin,1767.47,yes,no,700,2,1
38,management,123.25,yes,no,1037,1,1
31,admin,2338.81,yes,no,438,1,0
33,admin,1776.7,yes,no,98,1,0
29,blue-collar,1831.03,no,no,134,3,0
32,admin,147.88,no,no,72,5,0
36,blue-collar,1771.0,yes,no,575,1,0
25,technician,1594.41,yes,no,639,3,0
41,admin,2488.36,yes,no,141,2,0
50,technician,59.48,yes,no,277,1,1
31,blue-collar,32.73,yes,no,47,3,0
57,admin,653.55,yes,no,148,2,0
46,technician,225.53,yes,no,259,1,0
52,technician,1144.24,no,no,126,1,0
33,blue-collar,3490.38,no,no,115,2,0
50,admin,695.42,no,no,10,3,0
28,retired,2609.61,yes,no,424,2,1
50,blue-collar,0.34,no,yes,572,1,0
42,blue-collar,258.36,no,no,907,4,1
47,services,43.25,yes,no,330,1,0
28,management,556.8,yes,no,206,5,0
31,management,3343.24,yes,no,81,2,0
47,admin,142.77,yes,yes,1888,1,1
30,services,1305.42,yes,no,231,1,0
46,services,840.78,no,no,297,2,0
25,technician,3903.48,yes,no,298,3,0
50,management,182.98,yes,no,485,2,0
27,technician,333.61,yes,no,10,1,0
47,management,41.98,no,no,64,1,0
47,technician,796.67,yes,no,284,2,0
33,admin,455.7,no,no,586,1,0
47,management,2855.3,yes,no,300,2,0
43,services,1300.21,yes,no,138,2,0
35,technician,1333.01,no,no,116,2,0
29,blue-collar,1062.73,yes,no,348,1,0
19,management,134.88,yes,no,351,1,0
44,technician,824.35,yes,no,242,2,0
23,management,10655.87,no,yes,89,2,0
42,retired,2524.48,no,no,674,2,1
38,admin,3134.92,yes,no,208,3,0
48,blue-collar,2426.04,no,no,406,1,0
37,management,152.24,yes,no,62,4,0
37,retired,361.28,no,no,109,1,0
49,technician,4.38,yes,no,539,1,0
44,management,506.38,no,no,13,3,0
44,blue-collar,160.96,no,no,186,1,0
46,retired,896.23,no,no,170,4,0
24,management,1582.7,yes,no,361,2,0
49,management,2905.69,no,no,86,2,0
47,retired,1936.44,yes,no,64,3,0
29,management,3906.16,no,yes,677,1,1
38,management,77.57,yes,no,220,3,0
40,blue-collar,17.16,yes,no,28,1,0
39,services,1515.85,yes,no,55,2,0
44,blue-collar,478.21,yes,no,1754,1,1
56,retired,409.31,no,no,56,1,0
52,admin,562.52,no,no,245,1,0
26,management,440.2,no,yes,141,1,0
47,retired,1002.8,no,no,563,1,1
55,technician,812.12,no,yes,365,2,0
45,technician,1005.65,yes,yes,236,1,0
53,blue-collar,1563.69,yes,no,10,2,0
63,technician,685.44,yes,yes,550,1,0
52,management,405.2,yes,no,152,1,0
43,management,254.47,yes,no,697,2,0
52,technician,601.96,yes,no,177,1,0
42,services,1895.66,yes,yes,308,1,0
41,blue-collar,1978.87,yes,no,18,3,0
37,retired,1539.06,no,no,355,1,0
58,technician,373.25,yes,no,107,3,0
31,technician,1241.72,yes,no,112,1,0
57,management,1183.81,no,no,32,2,0
46,management,927.03,yes,no,41,1,0
25,technician,1117.85,yes,no,53,1,0
45,admin,947.61,yes,yes,103,2,0
18,services,1166.84,yes,no,578,1,0
47,retired,1759.86,yes,no,119,1,1
50,management,162.56,yes,no,335,2,0
34,services,1938.72,no,no,22,2,0
42,technician,204.47,no,yes,232,3,0
62,management,96.53,yes,no,170,1,0
35,services,5226.24,yes,no,991,1,0
29,blue-collar,4404.91,yes,no,486,2,1
57,management,87.28,no,no,157,2,0
62,technician,819.9,yes,yes,387,2,1
41,technician,288.53,no,no,55,2,0
52,admin,929.96,no,yes,214,3,0
55,blue-collar,2482.2,yes,no,20,3,0
32,retired,4211.26,yes,no,111,1,0
35,management,1408.14,yes,no,66,1,0
54,technician,611.53,yes,yes,329,3,1
59,blue-collar,1294.5,yes,no,175,3,0
47,blue-collar,523.56,yes,no,361,2,0
31,technician,3368.38,yes,no,188,2,1
62,admin,2860.63,yes,no,23,3,0
35,services,1143.76,no,no,345,2,0
37,retired,549.84,yes,yes,465,2,0
44,admin,486.19,no,no,608,3,1
58,services,47.58,no,no,220,1,1
50,blue-collar,2368.58,no,yes,364,3,0
45,services,837.95,no,no,362,1,0
46,technician,550.54,yes,no,44,3,0
41,technician,891.77,yes,no,46,1,0
47,technician,2390.94,no,no,19,4,0
18,blue-collar,186.33,no,no,100,2,0
37,technician,2729.31,no,no,166,3,0
43,retired,3189.17,no,no,1602,2,1
28,technician,4104.75,yes,no,146,1,0
45,management,709.31,yes,yes,336,2,0
38,blue-collar,342.72,yes,no,307,3,0
60,management,654.96,yes,no,59,3,0
58,management,566.77,yes,no,15,1,0
35,management,271.28,no,no,205,1,0
39,blue-collar,1308.47,no,no,313,1,0
40,technician,906.44,yes,no,1650,6,1
36,admin,2810.76,no,no,115,3,0
43,admin,45.69,no,no,589,2,1
32,technician,1445.44,no,no,125,1,0
28,technician,2015.27,yes,no,304,1,0
47,technician,1994.97,no,no,237,2,0
47,admin,3041.09,no,no,14,1,0
32,management,1828.07,yes,no,21,2,0
50,management,3679.84,yes,no,10,1,0
34,admin,566.23,no,no,120,2,0
43,blue-collar,979.42,yes,no,356,1,0
50,management,19.85,yes,no,49,2,0
40,management,9.77,yes,no,242,3,0
46,retired,384.44,no,no,88,3,0
35,services,148.76,no,no,414,1,1
38,admin,421.95,yes,no,416,3,0
38,blue-collar,272.79,yes,no,388,2,0
32,blue-collar,40.51,no,no,193,3,0
39,retired,3360.34,no,no,87,1,0
23,retired,11.56,no,no,431,1,0
35,management,1864.96,yes,no,53,3,0
37,admin,231.07,yes,no,88,2,0
38,management,3406.24,yes,no,52,5,0
38,management,3126.23,no,no,291,4,0
40,admin,1485.44,yes,no,301,1,0
46,technician,1561.64,yes,no,274,1,0
50,retired,7.49,yes,no,139,1,0
33,management,5867.65,yes,no,27,1,0
27,blue-collar,2943.31,no,no,629,2,1
29,services,3156.73,yes,no,184,1,0
35,services,1507.23,no,no,135,1,0
37,management,591.91,no,no,231,2,0
32,technician,3137.41,yes,no,55,2,0
26,blue-collar,482.48,no,no,36,4,0
35,management,1158.03,no,no,135,1,0
42,retired,147.09,no,no,67,2,0
47,services,3570.67,yes,no,72,1,1
34,management,212.41,yes,no,579,2,0
36,management,356.66,yes,yes,196,2,0
30,management,1143.45,no,no,171,2,0
40,services,2022.04,no,yes,304,3,1
31,management,1352.23,no,no,787,2,1
47,technician,369.8,yes,no,30,1,0
21,technician,1.32,yes,no,466,1,1
37,blue-collar,1981.44,no,no,228,2,0
44,management,5899.07,yes,no,41,2,0
43,management,2324.38,no,no,91,1,0
70,retired,863.2,yes,yes,171,1,0
44,services,3277.38,yes,yes,305,4,0
29,admin,738.32,yes,no,72,1,0
39,management,1042.02,yes,yes,199,1,0
21,technician,907.79,yes,no,300,2,1
40,blue-collar,830.94,yes,no,154,2,0
31,technician,2089.5,yes,no,516,1,0
51,services,1047.44,yes,no,529,1,1
34,blue-collar,533.18,yes,no,165,1,0
39,management,418.07,no,yes,938,2,1
34,services,53.87,yes,no,20,3,0
60,retired,1225.19,no,no,10,3,0
37,management,365.84,no,no,124,2,0
61,blue-collar,224.46,no,no,238,2,0
49,technician,1485.16,no,yes,257,2,1
46,technician,1600.51,yes,no,168,4,0
45,management,1952.93,no,no,34,1,0
45,blue-collar,980.46,no,no,48,2,0
19,retired,3142.76,no,no,497,1,1
37,blue-collar,3855.94,yes,no,526,1,0
50,management,2305.78,yes,no,291,2,0
40,blue-collar,1413.28,yes,no,283,4,0
25,technician,506.81,no,no,236,1,1
40,services,5699.83,no,no,58,3,0
59,technician,448.55,yes,no,145,2,0
54,management,317.06,yes,yes,309,3,0
40,management,817.14,no,no,200,3,0
51,admin,81.93,yes,no,10,3,0
36,technician,5375.22,no,no,798,3,1
22,admin,1242.9,no,no,484,2,0
30,management,1139.71,yes,no,78,1,0
58,technician,1493.13,no,yes,249,4,1
37,blue-collar,962.1,yes,no,667,1,1
38,retired,45.62,no,no,26,3,0
37,retired,1326.57,no,no,181,2,1
61,management,1763.15,no,no,158,2,0
58,technician,754.79,yes,no,137,2,0
65,management,1982.28,yes,no,469,1,1
39,blue-collar,360.47,yes,no,124,3,0
44,blue-collar,350.14,yes,yes,17,3,0
24,services,246.46,yes,no,17,3,0
57,retired,651.29,yes,no,11,2,0
28,technician,2628.35,yes,no,136,1,0
43,blue-collar,2463.65,yes,yes,329,1,0
28,services,675.64,yes,no,59,4,0
34,admin,1245.23,no,no,270,4,1
31,management,1786.24,no,yes,302,4,0
34,technician,386.44,yes,no,76,4,0
35,technician,257.73,yes,no,238,3,0
34,management,5010.58,yes,no,300,2,0
50,management,1345.65,yes,no,163,3,0
28,management,5579.62,yes,no,106,2,0
43,blue-collar,576.97,no,no,250,1,0
54,technician,1699.78,no,no,990,2,1
35,management,352.53,no,no,144,3,0
33,management,423.82,yes,no,129,2,0
38,admin,1004.14,no,no,162,2,0
53,services,539.14,no,no,20,1,0
43,blue-collar,256.86,yes,yes,209,3,0
35,technician,427.01,yes,no,103,1,0
46,retired,50.96,yes,no,33,1,0
28,management,1706.36,yes,no,163,2,0
48,management,948.5,no,no,10,4,1
45,technician,138.58,yes,no,133,1,0
37,management,263.72,yes,no,29,1,0
31,technician,151.45,yes,no,10,1,0
31,services,1327.59,yes,no,452,2,0
46,blue-collar,138.53,no,no,644,3,0
54,technician,1965.0,no,yes,60,2,0
33,retired,29.01,no,no,201,2,0
46,management,401.59,yes,no,84,1,0
18,management,3098.7,no,no,176,1,1
34,blue-collar,1774.83,yes,no,149,1,0
40,blue-collar,106.07,no,no,81,3,0
30,management,2409.5,yes,no,313,1,0
30,technician,951.04,yes,no,35,2,0
33,blue-collar,2626.26,yes,no,14,1,0
44,admin,1285.4,yes,yes,379,1,0
38,blue-collar,1603.25,no,no,285,2,0
18,technician,7050.67,yes,no,179,2,0
18,management,370.16,yes,no,163,2,0
34,technician,1369.23,yes,no,178,1,0
46,management,863.49,no,no,149,2,1
18,retired,56.35,yes,no,129,1,0
35,blue-collar,20.41,no,no,180,3,0
35,technician,177.74,no,no,195,1,0
56,admin,1466.12,yes,no,306,1,0
36,blue-collar,1172.35,yes,no,322,3,0
45,technician,1128.62,yes,no,123,3,1
42,admin,45.33,no,yes,138,1,0
18,services,886.99,yes,no,121,1,0
49,admin,3619.35,yes,no,199,1,0
43,management,709.55,no,no,157,1,1
46,blue-collar,1372.87,no,no,572,2,0
80,admin,2118.63,yes,no,309,3,0
18,management,2144.98,yes,no,595,3,0
59,management,1025.46,yes,yes,321,1,0
37,services,2732.23,yes,no,920,4,1
44,management,695.18,yes,yes,262,3,0
40,admin,3073.65,no,yes,861,2,1
36,blue-collar,384.63,yes,no,44,2,0
34,technician,460.33,no,yes,14,4,0
44,management,76.42,no,no,225,4,1
24,admin,2222.62,yes,no,1067,1,1
49,technician,755.53,no,no,140,4,1
36,blue-collar,364.31,yes,no,61,2,0
28,admin,369.17,no,no,191,2,0
36,admin,3243.36,no,no,272,2,0
54,retired,2513.37,yes,no,98,1,1
35,blue-collar,1128.94,yes,yes,326,2,1
44,technician,1340.36,yes,no,960,1,1
32,retired,900.3,yes,no,590,1,1
49,blue-collar,695.84,yes,no,89,2,0
48,technician,3459.02,yes,no,102,1,0
61,management,187.92,no,no,120,2,0
39,services,758.87,yes,no,130,4,0
48,technician,591.43,no,no,27,2,0
42,blue-collar,965.24,no,no,373,1,0
55,blue-collar,856.53,yes,no,118,1,0
33,management,1024.32,no,no,550,3,1
49,blue-collar,211.02,yes,no,680,1,0
38,management,1007.69,yes,no,10,1,0
40,technician,388.67,no,no,1161,1,1
42,blue-collar,285.25,yes,yes,321,4,0
43,technician,93.84,no,no,191,4,0
39,admin,2013.52,no,no,128,4,0
43,services,780.7,no,no,190,3,0
58,admin,1379.31,no,yes,102,2,0
51,management,1820.64,no,no,253,3,0
50,management,1592.22,yes,no,25,3,0
35,blue-collar,890.15,yes,no,252,2,0
31,retired,687.2,no,no,83,1,0
51,services,660.16,yes,no,10,1,0
50,services,1430.5,yes,no,209,2,0
57,technician,955.91,yes,no,224,5,0
34,technician,2647.89,no,no,144,1,0
38,blue-collar,2907.88,yes,no,19,2,0
22,management,261.81,no,yes,581,1,1
36,management,205.03,yes,no,245,1,0
51,retired,1393.47,yes,no,31,3,0
35,management,501.8,yes,no,185,4,0
48,management,26.24,yes,no,178,1,0
38,management,3073.02,no,no,16,1,0
44,retired,360.29,yes,no,242,1,0
28,blue-collar,3708.65,yes,yes,429,3,0
41,blue-collar,1769.38,yes,no,359,1,0
18,services,2013.53,yes,no,58,1,0
38,technician,314.96,yes,no,515,2,1
23,blue-collar,373.56,yes,no,109,3,0
54,management,1031.26,no,no,761,1,1
49,management,264.41,no,no,19,4,0
46,services,510.25,yes,no,173,1,0
57,admin,542.94,yes,no,236,2,0
30,technician,243.48,yes,no,73,1,0
60,technician,321.5,yes,no,383,4,0
51,blue-collar,2175.29,no,no,256,3,0
38,management,256.14,no,no,10,2,0
53,management,40.42,yes,no,243,2,0
28,management,1389.51,no,no,175,1,0
31,technician,5220.6,yes,no,56,1,0
34,admin,563.21,yes,no,1419,4,1
35,technician,176.83,yes,no,591,1,1
29,management,1182.82,yes,yes,89,4,0
54,blue-collar,3315.53,no,no,202,2,0
38,services,2145.87,yes,no,98,1,0
44,management,1363.92,yes,no,388,1,0
34,management,529.79,no,no,692,2,1
20,technician,1092.87,no,yes,115,1,0
43,admin,133.95,no,no,425,2,1
19,blue-collar,1590.6,no,no,179,1,0
40,admin,1807.87,yes,no,131,3,0
25,retired,4694.64,no,no,724,1,1
62,admin,422.3,no,no,185,2,0
51,blue-collar,26.08,no,no,163,2,0
42,blue-collar,1104.31,no,no,290,2,0
54,management,1717.62,yes,no,78,1,1
31,retired,2187.63,no,no,102,1,0
46,technician,301.49,yes,no,699,3,1
43,management,424.87,yes,no,295,2,0
43,blue-collar,1006.11,yes,yes,455,2,0
54,technician,561.92,no,no,82,3,0
49,blue-collar,2757.68,yes,no,204,1,0
44,blue-collar,898.8,yes,yes,924,3,1
22,technician,2250.27,yes,no,99,1,0
30,services,1216.57,no,no,45,1,0
39,technician,2076.48,yes,no,185,2,0
42,technician,566.27,no,yes,127,1,0
28,blue-collar,2492.45,no,no,45,3,0
67,blue-collar,449.39,yes,no,570,1,1
57,admin,1105.83,yes,no,1216,2,1
47,technician,337.13,no,no,218,1,0
41,blue-collar,903.5,no,no,387,1,0
38,management,536.18,no,no,509,3,1
30,retired,434.29,yes,no,313,4,1
41,technician,4775.11,no,no,11,2,0
43,admin,244.22,yes,no,44,3,0
27,management,2167.19,no,no,19,3,0
44,management,5803.74,no,yes,10,2,0
39,blue-collar,28.14,yes,no,94,2,0
20,services,1681.03,no,yes,129,3,0
31,blue-collar,408.2,no,yes,71,2,0
36,retired,57.86,no,no,17,1,0
61,blue-collar,721.91,yes,no,196,6,0
47,blue-collar,3831.41,yes,no,83,2,0
26,management,16.57,no,no,413,2,1
46,admin,1241.04,yes,no,10,1,0
23,management,974.32,yes,yes,480,1,0
52,services,2893.24,no,no,804,2,1
35,services,122.84,yes,yes,327,2,0
39,retired,1601.9,no,no,343,2,0
55,blue-collar,1595.69,yes,yes,704,2,1
26,admin,1548.23,yes,no,60,1,0
25,admin,3994.33,no,no,1355,7,1
34,management,2424.94,no,no,386,4,0
52,blue-collar,60.03,no,yes,337,3,0
24,management,891.69,yes,no,116,4,0
18,blue-collar,710.39,no,no,205,2,0
36,management,519.79,yes,no,275,2,0
47,management,840.38,yes,no,251,1,0
54,technician,678.75,yes,no,317,5,0
35,technician,792.71,no,no,22,1,0
36,blue-collar,5426.09,yes,no,114,3,0
53,management,129.93,yes,no,147,3,0
20,blue-collar,3575.61,yes,no,78,1,0
36,management,916.13,yes,no,49,1,0
43,blue-collar,1368.47,yes,no,38,1,0
45,blue-collar,2482.25,no,no,118,1,0
35,blue-collar,625.82,yes,yes,176,2,0
41,admin,788.0,no,no,16,1,0
18,technician,737.54,no,no,761,1,1
33,admin,657.4,yes,no,376,3,1
45,technician,3636.29,no,yes,341,2,0
30,blue-collar,2471.95,yes,no,49,2,0
41,blue-collar,161.58,no,no,240,2,0
45,management,160.2,no,no,196,3,0
37,blue-collar,781.74,yes,no,1051,1,1
42,blue-collar,145.42,no,no,358,2,0
30,technician,1351.28,yes,no,222,1,0
38,management,217.17,yes,no,494,1,1
47,management,1034.5,no,no,43,5,0
42,retired,10.14,yes,no,10,2,0
34,admin,532.94,yes,no,304,1,0
43,management,1582.97,yes,no,26,1,0
48,technician,926.41,no,no,31,1,0
18,blue-collar,5360.65,yes,no,354,2,0
53,services,2901.22,no,no,82,1,0
37,management,622.77,yes,no,257,1,0
45,management,65.17,yes,no,648,4,1
54,services,2615.73,no,yes,98,2,0
25,management,3390.46,yes,no,63,1,0
33,management,2405.61,no,yes,29,1,0
37,retired,191.67,yes,yes,36,1,0
32,blue-collar,8642.27,yes,no,16,3,0
60,technician,418.87,yes,no,23,3,0
31,management,1803.34,no,yes,147,1,0
34,management,3340.88,no,no,100,2,0
43,management,376.29,no,no,318,2,1
27,services,3344.29,yes,no,530,1,0
36,technician,518.44,no,no,399,1,0
44,admin,5245.9,yes,no,196,1,0
37,services,462.36,no,no,28,1,0
39,technician,4293.69,no,no,321,2,0
35,management,77.04,no,no,117,3,1
24,blue-collar,1729.51,yes,no,23,1,0
44,services,1063.33,yes,no,480,2,1
60,admin,909.79,yes,no,107,2,0
41,management,354.13,no,no,64,2,0
43,admin,1711.92,yes,no,533,1,0
48,blue-collar,296.41,yes,no,604,3,0
27,services,1126.78,yes,no,107,1,0
59,management,408.83,yes,no,113,3,0
43,blue-collar,4361.0,yes,no,225,2,0
58,services,40.67,no,no,343,1,0
32,technician,311.93,no,no,16,1,0
60,blue-collar,388.47,no,no,233,2,0
49,management,748.37,no,yes,793,1,1
47,technician,370.88,yes,yes,79,2,0
43,technician,946.39,yes,no,622,3,1
38,retired,2883.12,yes,no,779,1,1
54,technician,1743.02,no,no,81,2,0
42,blue-collar,1214.37,yes,yes,364,3,0
19,admin,130.5,yes,no,70,3,0
28,management,1657.8,yes,no,347,4,0
38,blue-collar,254.83,yes,no,415,1,0
44,admin,2160.9,yes,no,73,2,0
40,services,402.86,yes,no,327,3,0
54,blue-collar,755.51,no,no,434,1,0
19,blue-collar,604.11,no,no,115,1,0
42,management,2740.75,yes,no,47,1,0
21,retired,189.42,yes,no,25,1,0
49,management,1167.45,no,no,222,1,0
39,admin,214.51,yes,no,993,4,1
45,technician,1708.12,no,no,450,1,0
31,retired,3296.58,yes,no,148,2,0
55,admin,798.33,no,no,199,1,0
52,admin,937.46,no,no,85,3,0
47,management,3672.35,no,yes,46,1,0
39,technician,1030.45,no,no,171,1,0
47,blue-collar,936.11,yes,no,161,1,0
33,admin,1208.94,yes,no,191,1,0
50,management,1636.18,yes,no,793,1,0
59,retired,158.25,no,no,240,3,0
52,services,2409.38,yes,no,242,1,0
32,technician,800.55,no,no,35,1,0
44,services,105.14,yes,no,1469,2,1
26,blue-collar,2159.69,yes,no,385,6,0
47,blue-collar,662.38,no,no,545,2,1
45,technician,148.08,yes,no,139,2,0
20,blue-collar,1406.33,yes,no,181,2,0
28,admin,2969.9,yes,yes,191,2,0
37,technician,3061.88,yes,no,56,2,0
37,blue-collar,4426.95,no,no,304,4,0
27,admin,2831.81,no,no,606,2,1
45,admin,3.0,yes,no,46,1,0
43,management,669.79,yes,no,23,1,0
38,services,2389.43,yes,no,348,3,0
32,blue-collar,638.55,yes,no,82,1,0
52,technician,1288.24,no,no,254,3,0
59,management,1305.09,no,no,309,3,0
35,blue-collar,635.84,yes,no,101,1,0
34,services,3287.7,yes,no,438,1,0
46,technician,979.47,no,no,207,2,0
37,admin,875.12,yes,no,528,3,0
39,management,8395.77,yes,no,374,1,0
49,blue-collar,952.32,no,no,527,2,1
19,retired,275.1,yes,no,10,2,0
55,admin,1007.49,yes,no,72,4,0
41,management,2354.94,no,no,24,1,0
36,blue-collar,2099.94,no,no,151,2,0
40,management,2175.48,yes,no,573,2,0
40,technician,1723.52,yes,no,163,2,0
21,admin,410.65,yes,yes,492,2,0
57,admin,2773.56,no,no,103,1,0
41,management,3134.71,yes,no,107,1,0
45,retired,302.21,yes,no,587,1,1
51,blue-collar,195.7,no,no,144,2,0
29,technician,5198.73,yes,no,405,1,0
46,blue-collar,2838.37,yes,no,70,1,0
38,blue-collar,3131.99,yes,no,772,3,1
50,blue-collar,3044.81,yes,no,222,2,0
18,blue-collar,1092.28,yes,yes,370,1,0
39,blue-collar,1455.43,no,no,24,2,0
34,management,1103.56,no,no,176,1,0
45,admin,73.59,yes,no,601,5,1
46,blue-collar,1915.85,yes,yes,544,2,1
33,management,985.42,no,yes,12,1,0
33,admin,1460.62,yes,no,94,2,0
39,retired,977.82,yes,yes,152,1,0
31,retired,947.66,no,no,49,3,0
50,technician,263.88,yes,no,340,5,0
36,management,457.41,yes,no,53,5,0
18,blue-collar,242.18,yes,no,110,5,0
36,management,304.84,yes,no,283,1,0
29,retired,5055.51,yes,no,171,5,0
23,management,232.66,yes,no,348,2,1
27,technician,439.2,yes,no,844,3,1
42,technician,1250.25,no,no,32,2,0
55,technician,1318.89,yes,no,321,2,0
44,admin,234.09,yes,yes,68,1,0
34,blue-collar,2209.91,no,no,139,1,0
46,management,2153.29,no,no,10,2,0
35,technician,379.28,yes,no,37,1,0
33,blue-collar,476.86,yes,no,100,6,0
28,management,3892.6,yes,no,108,4,0
21,blue-collar,2445.54,no,yes,597,1,0
36,blue-collar,1675.32,yes,no,352,1,0
42,admin,120.14,yes,yes,931,1,1
39,retired,758.43,yes,no,237,1,0
36,services,1147.15,yes,no,71,3,0
30,retired,290.54,yes,no,103,4,0
47,management,832.46,yes,no,100,3,0
26,management,1286.4,no,no,102,1,0
49,technician,555.2,no,yes,290,1,1
29,services,2125.8,yes,no,196,1,0
32,retired,2569.55,yes,yes,126,2,0
24,services,547.38,yes,no,41,4,0
35,management,2553.91,yes,yes,10,1,0
51,retired,153.08,no,yes,64,1,0
46,technician,2545.88,no,no,29,1,0
51,management,232.06,yes,no,400,1,0
46,technician,121.2,yes,yes,31,1,0
28,management,1437.23,yes,no,334,4,0
37,blue-collar,893.96,no,no,126,3,0
32,technician,3338.69,no,no,19,2,1
55,blue-collar,631.8,no,yes,435,2,1
27,blue-collar,473.88,no,no,225,3,0
50,services,972.47,yes,no,69,2,0
50,blue-collar,852.19,no,yes,585,2,0
61,technician,591.15,no,no,12,5,0
36,admin,1656.66,yes,no,58,2,0
48,services,1995.41,yes,no,362,2,0
66,management,2684.1,no,no,321,3,0
34,blue-collar,5049.27,no,no,88,1,0
24,technician,434.2,no,no,16,1,0
20,management,1762.75,no,no,507,3,0
48,blue-collar,701.82,no,no,97,1,0
20,services,1582.5,no,no,56,1,0
36,management,904.72,yes,no,188,4,0
45,admin,7110.43,no,no,626,3,1
